[{"model": "admin.logentry", "pk": 1, "fields": {"action_time": "2025-04-02T16:51:28.834Z", "user": 1, "content_type": 15, "object_id": "3", "object_repr": "ojsys@yahoo.com", "action_flag": 3, "change_message": ""}}, {"model": "admin.logentry", "pk": 2, "fields": {"action_time": "2025-04-02T16:51:28.834Z", "user": 1, "content_type": 15, "object_id": "2", "object_repr": "ojsys@gmail.com", "action_flag": 3, "change_message": ""}}, {"model": "admin.logentry", "pk": 3, "fields": {"action_time": "2025-04-02T17:04:26.885Z", "user": 1, "content_type": 14, "object_id": "1", "object_repr": "AfricaPlan Foundation", "action_flag": 1, "change_message": "[{\"added\": {}}]"}}, {"model": "admin.logentry", "pk": 4, "fields": {"action_time": "2025-04-02T17:12:43.717Z", "user": 1, "content_type": 17, "object_id": "0bbcaf58-69a2-4079-8046-9a84fddd231f", "object_repr": "HackathonAfrica 3.0 Web Foundations Assessment", "action_flag": 1, "change_message": "[{\"added\": {}}]"}}, {"model": "admin.logentry", "pk": 5, "fields": {"action_time": "2025-04-02T18:43:12.105Z", "user": 1, "content_type": 20, "object_id": "798689a5-2104-420e-a887-30ef98d29eb2", "object_repr": "onahjonah@gmail.com - HackathonAfrica 3.0 Web Foundations Assessment", "action_flag": 3, "change_message": ""}}, {"model": "admin.logentry", "pk": 6, "fields": {"action_time": "2025-04-02T18:43:12.105Z", "user": 1, "content_type": 20, "object_id": "5802266f-dd5f-4cf6-9a43-3bc6f7b17e9f", "object_repr": "onahjonah@gmail.com - HackathonAfrica 3.0 Web Foundations Assessment", "action_flag": 3, "change_message": ""}}, {"model": "admin.logentry", "pk": 7, "fields": {"action_time": "2025-04-02T19:12:19.729Z", "user": 1, "content_type": 15, "object_id": "1", "object_repr": "onahjonah@gmail.com", "action_flag": 2, "change_message": "[{\"changed\": {\"fields\": [\"First name\", \"Last name\", \"Middle name\", \"Lga\", \"Phone number\"]}}]"}}, {"model": "admin.logentry", "pk": 8, "fields": {"action_time": "2025-04-02T19:16:35.237Z", "user": 1, "content_type": 15, "object_id": "1", "object_repr": "onahjonah@gmail.com", "action_flag": 2, "change_message": "[]"}}, {"model": "admin.logentry", "pk": 9, "fields": {"action_time": "2025-04-02T20:09:27.395Z", "user": 1, "content_type": 20, "object_id": "99407e6b-4e75-4ee5-91a0-6b0d263b0eb4", "object_repr": "onahjonah@gmail.com - HackathonAfrica 3.0 Web Foundations Assessment", "action_flag": 3, "change_message": ""}}, {"model": "admin.logentry", "pk": 10, "fields": {"action_time": "2025-04-02T20:09:47.435Z", "user": 1, "content_type": 17, "object_id": "0bbcaf58-69a2-4079-8046-9a84fddd231f", "object_repr": "HackathonAfrica 3.0 Web Foundations Assessment", "action_flag": 3, "change_message": ""}}, {"model": "admin.logentry", "pk": 11, "fields": {"action_time": "2025-04-02T20:40:18.265Z", "user": 1, "content_type": 17, "object_id": "b3c4794c-b7b4-482e-897b-847904f7fc17", "object_repr": "HackathonAfrica 3.0 Web Foundations Assessment", "action_flag": 1, "change_message": "[{\"added\": {}}]"}}, {"model": "admin.logentry", "pk": 12, "fields": {"action_time": "2025-04-02T21:26:17.143Z", "user": 1, "content_type": 14, "object_id": "1", "object_repr": "AfricaPlan Foundation", "action_flag": 2, "change_message": "[{\"changed\": {\"fields\": [\"Hero title\", \"Hero subtitle\"]}}]"}}, {"model": "admin.logentry", "pk": 13, "fields": {"action_time": "2025-04-03T13:51:47.850Z", "user": 1, "content_type": 17, "object_id": "b3c4794c-b7b4-482e-897b-847904f7fc17", "object_repr": "HackathonAfrica 3.0 Web Foundations Assessment", "action_flag": 2, "change_message": "[{\"changed\": {\"fields\": [\"Is active\"]}}]"}}, {"model": "admin.logentry", "pk": 14, "fields": {"action_time": "2025-04-03T13:52:12.233Z", "user": 1, "content_type": 17, "object_id": "b3c4794c-b7b4-482e-897b-847904f7fc17", "object_repr": "HackathonAfrica 3.0 Web Foundations Assessment", "action_flag": 2, "change_message": "[{\"changed\": {\"fields\": [\"Is active\"]}}]"}}, {"model": "auth.permission", "pk": 1, "fields": {"name": "Can add log entry", "content_type": 1, "codename": "add_logentry"}}, {"model": "auth.permission", "pk": 2, "fields": {"name": "Can change log entry", "content_type": 1, "codename": "change_logentry"}}, {"model": "auth.permission", "pk": 3, "fields": {"name": "Can delete log entry", "content_type": 1, "codename": "delete_logentry"}}, {"model": "auth.permission", "pk": 4, "fields": {"name": "Can view log entry", "content_type": 1, "codename": "view_logentry"}}, {"model": "auth.permission", "pk": 5, "fields": {"name": "Can add permission", "content_type": 2, "codename": "add_permission"}}, {"model": "auth.permission", "pk": 6, "fields": {"name": "Can change permission", "content_type": 2, "codename": "change_permission"}}, {"model": "auth.permission", "pk": 7, "fields": {"name": "Can delete permission", "content_type": 2, "codename": "delete_permission"}}, {"model": "auth.permission", "pk": 8, "fields": {"name": "Can view permission", "content_type": 2, "codename": "view_permission"}}, {"model": "auth.permission", "pk": 9, "fields": {"name": "Can add group", "content_type": 3, "codename": "add_group"}}, {"model": "auth.permission", "pk": 10, "fields": {"name": "Can change group", "content_type": 3, "codename": "change_group"}}, {"model": "auth.permission", "pk": 11, "fields": {"name": "Can delete group", "content_type": 3, "codename": "delete_group"}}, {"model": "auth.permission", "pk": 12, "fields": {"name": "Can view group", "content_type": 3, "codename": "view_group"}}, {"model": "auth.permission", "pk": 13, "fields": {"name": "Can add content type", "content_type": 4, "codename": "add_contenttype"}}, {"model": "auth.permission", "pk": 14, "fields": {"name": "Can change content type", "content_type": 4, "codename": "change_contenttype"}}, {"model": "auth.permission", "pk": 15, "fields": {"name": "Can delete content type", "content_type": 4, "codename": "delete_contenttype"}}, {"model": "auth.permission", "pk": 16, "fields": {"name": "Can view content type", "content_type": 4, "codename": "view_contenttype"}}, {"model": "auth.permission", "pk": 17, "fields": {"name": "Can add session", "content_type": 5, "codename": "add_session"}}, {"model": "auth.permission", "pk": 18, "fields": {"name": "Can change session", "content_type": 5, "codename": "change_session"}}, {"model": "auth.permission", "pk": 19, "fields": {"name": "Can delete session", "content_type": 5, "codename": "delete_session"}}, {"model": "auth.permission", "pk": 20, "fields": {"name": "Can view session", "content_type": 5, "codename": "view_session"}}, {"model": "auth.permission", "pk": 21, "fields": {"name": "Can add site", "content_type": 6, "codename": "add_site"}}, {"model": "auth.permission", "pk": 22, "fields": {"name": "Can change site", "content_type": 6, "codename": "change_site"}}, {"model": "auth.permission", "pk": 23, "fields": {"name": "Can delete site", "content_type": 6, "codename": "delete_site"}}, {"model": "auth.permission", "pk": 24, "fields": {"name": "Can view site", "content_type": 6, "codename": "view_site"}}, {"model": "auth.permission", "pk": 25, "fields": {"name": "Can add Token", "content_type": 7, "codename": "add_token"}}, {"model": "auth.permission", "pk": 26, "fields": {"name": "Can change Token", "content_type": 7, "codename": "change_token"}}, {"model": "auth.permission", "pk": 27, "fields": {"name": "Can delete Token", "content_type": 7, "codename": "delete_token"}}, {"model": "auth.permission", "pk": 28, "fields": {"name": "Can view Token", "content_type": 7, "codename": "view_token"}}, {"model": "auth.permission", "pk": 29, "fields": {"name": "Can add Token", "content_type": 8, "codename": "add_tokenproxy"}}, {"model": "auth.permission", "pk": 30, "fields": {"name": "Can change Token", "content_type": 8, "codename": "change_tokenproxy"}}, {"model": "auth.permission", "pk": 31, "fields": {"name": "Can delete Token", "content_type": 8, "codename": "delete_tokenproxy"}}, {"model": "auth.permission", "pk": 32, "fields": {"name": "Can view Token", "content_type": 8, "codename": "view_tokenproxy"}}, {"model": "auth.permission", "pk": 33, "fields": {"name": "Can add email address", "content_type": 9, "codename": "add_emailaddress"}}, {"model": "auth.permission", "pk": 34, "fields": {"name": "Can change email address", "content_type": 9, "codename": "change_emailaddress"}}, {"model": "auth.permission", "pk": 35, "fields": {"name": "Can delete email address", "content_type": 9, "codename": "delete_emailaddress"}}, {"model": "auth.permission", "pk": 36, "fields": {"name": "Can view email address", "content_type": 9, "codename": "view_emailaddress"}}, {"model": "auth.permission", "pk": 37, "fields": {"name": "Can add email confirmation", "content_type": 10, "codename": "add_emailconfirmation"}}, {"model": "auth.permission", "pk": 38, "fields": {"name": "Can change email confirmation", "content_type": 10, "codename": "change_emailconfirmation"}}, {"model": "auth.permission", "pk": 39, "fields": {"name": "Can delete email confirmation", "content_type": 10, "codename": "delete_emailconfirmation"}}, {"model": "auth.permission", "pk": 40, "fields": {"name": "Can view email confirmation", "content_type": 10, "codename": "view_emailconfirmation"}}, {"model": "auth.permission", "pk": 41, "fields": {"name": "Can add social account", "content_type": 11, "codename": "add_socialaccount"}}, {"model": "auth.permission", "pk": 42, "fields": {"name": "Can change social account", "content_type": 11, "codename": "change_socialaccount"}}, {"model": "auth.permission", "pk": 43, "fields": {"name": "Can delete social account", "content_type": 11, "codename": "delete_socialaccount"}}, {"model": "auth.permission", "pk": 44, "fields": {"name": "Can view social account", "content_type": 11, "codename": "view_socialaccount"}}, {"model": "auth.permission", "pk": 45, "fields": {"name": "Can add social application", "content_type": 12, "codename": "add_socialapp"}}, {"model": "auth.permission", "pk": 46, "fields": {"name": "Can change social application", "content_type": 12, "codename": "change_socialapp"}}, {"model": "auth.permission", "pk": 47, "fields": {"name": "Can delete social application", "content_type": 12, "codename": "delete_socialapp"}}, {"model": "auth.permission", "pk": 48, "fields": {"name": "Can view social application", "content_type": 12, "codename": "view_socialapp"}}, {"model": "auth.permission", "pk": 49, "fields": {"name": "Can add social application token", "content_type": 13, "codename": "add_socialtoken"}}, {"model": "auth.permission", "pk": 50, "fields": {"name": "Can change social application token", "content_type": 13, "codename": "change_socialtoken"}}, {"model": "auth.permission", "pk": 51, "fields": {"name": "Can delete social application token", "content_type": 13, "codename": "delete_socialtoken"}}, {"model": "auth.permission", "pk": 52, "fields": {"name": "Can view social application token", "content_type": 13, "codename": "view_socialtoken"}}, {"model": "auth.permission", "pk": 53, "fields": {"name": "Can add Site Settings", "content_type": 14, "codename": "add_sitesettings"}}, {"model": "auth.permission", "pk": 54, "fields": {"name": "Can change Site Settings", "content_type": 14, "codename": "change_sitesettings"}}, {"model": "auth.permission", "pk": 55, "fields": {"name": "Can delete Site Settings", "content_type": 14, "codename": "delete_sitesettings"}}, {"model": "auth.permission", "pk": 56, "fields": {"name": "Can view Site Settings", "content_type": 14, "codename": "view_sitesettings"}}, {"model": "auth.permission", "pk": 57, "fields": {"name": "Can add user", "content_type": 15, "codename": "add_user"}}, {"model": "auth.permission", "pk": 58, "fields": {"name": "Can change user", "content_type": 15, "codename": "change_user"}}, {"model": "auth.permission", "pk": 59, "fields": {"name": "Can delete user", "content_type": 15, "codename": "delete_user"}}, {"model": "auth.permission", "pk": 60, "fields": {"name": "Can view user", "content_type": 15, "codename": "view_user"}}, {"model": "auth.permission", "pk": 61, "fields": {"name": "Can add question", "content_type": 16, "codename": "add_question"}}, {"model": "auth.permission", "pk": 62, "fields": {"name": "Can change question", "content_type": 16, "codename": "change_question"}}, {"model": "auth.permission", "pk": 63, "fields": {"name": "Can delete question", "content_type": 16, "codename": "delete_question"}}, {"model": "auth.permission", "pk": 64, "fields": {"name": "Can view question", "content_type": 16, "codename": "view_question"}}, {"model": "auth.permission", "pk": 65, "fields": {"name": "Can add test", "content_type": 17, "codename": "add_test"}}, {"model": "auth.permission", "pk": 66, "fields": {"name": "Can change test", "content_type": 17, "codename": "change_test"}}, {"model": "auth.permission", "pk": 67, "fields": {"name": "Can delete test", "content_type": 17, "codename": "delete_test"}}, {"model": "auth.permission", "pk": 68, "fields": {"name": "Can view test", "content_type": 17, "codename": "view_test"}}, {"model": "auth.permission", "pk": 69, "fields": {"name": "Can add question option", "content_type": 18, "codename": "add_questionoption"}}, {"model": "auth.permission", "pk": 70, "fields": {"name": "Can change question option", "content_type": 18, "codename": "change_questionoption"}}, {"model": "auth.permission", "pk": 71, "fields": {"name": "Can delete question option", "content_type": 18, "codename": "delete_questionoption"}}, {"model": "auth.permission", "pk": 72, "fields": {"name": "Can view question option", "content_type": 18, "codename": "view_questionoption"}}, {"model": "auth.permission", "pk": 73, "fields": {"name": "Can add answer", "content_type": 19, "codename": "add_answer"}}, {"model": "auth.permission", "pk": 74, "fields": {"name": "Can change answer", "content_type": 19, "codename": "change_answer"}}, {"model": "auth.permission", "pk": 75, "fields": {"name": "Can delete answer", "content_type": 19, "codename": "delete_answer"}}, {"model": "auth.permission", "pk": 76, "fields": {"name": "Can view answer", "content_type": 19, "codename": "view_answer"}}, {"model": "auth.permission", "pk": 77, "fields": {"name": "Can add test attempt", "content_type": 20, "codename": "add_testattempt"}}, {"model": "auth.permission", "pk": 78, "fields": {"name": "Can change test attempt", "content_type": 20, "codename": "change_testattempt"}}, {"model": "auth.permission", "pk": 79, "fields": {"name": "Can delete test attempt", "content_type": 20, "codename": "delete_testattempt"}}, {"model": "auth.permission", "pk": 80, "fields": {"name": "Can view test attempt", "content_type": 20, "codename": "view_testattempt"}}, {"model": "contenttypes.contenttype", "pk": 1, "fields": {"app_label": "admin", "model": "logentry"}}, {"model": "contenttypes.contenttype", "pk": 2, "fields": {"app_label": "auth", "model": "permission"}}, {"model": "contenttypes.contenttype", "pk": 3, "fields": {"app_label": "auth", "model": "group"}}, {"model": "contenttypes.contenttype", "pk": 4, "fields": {"app_label": "contenttypes", "model": "contenttype"}}, {"model": "contenttypes.contenttype", "pk": 5, "fields": {"app_label": "sessions", "model": "session"}}, {"model": "contenttypes.contenttype", "pk": 6, "fields": {"app_label": "sites", "model": "site"}}, {"model": "contenttypes.contenttype", "pk": 7, "fields": {"app_label": "authtoken", "model": "token"}}, {"model": "contenttypes.contenttype", "pk": 8, "fields": {"app_label": "authtoken", "model": "tokenproxy"}}, {"model": "contenttypes.contenttype", "pk": 9, "fields": {"app_label": "account", "model": "emailaddress"}}, {"model": "contenttypes.contenttype", "pk": 10, "fields": {"app_label": "account", "model": "emailconfirmation"}}, {"model": "contenttypes.contenttype", "pk": 11, "fields": {"app_label": "socialaccount", "model": "socialaccount"}}, {"model": "contenttypes.contenttype", "pk": 12, "fields": {"app_label": "socialaccount", "model": "socialapp"}}, {"model": "contenttypes.contenttype", "pk": 13, "fields": {"app_label": "socialaccount", "model": "socialtoken"}}, {"model": "contenttypes.contenttype", "pk": 14, "fields": {"app_label": "users", "model": "sitesettings"}}, {"model": "contenttypes.contenttype", "pk": 15, "fields": {"app_label": "users", "model": "user"}}, {"model": "contenttypes.contenttype", "pk": 16, "fields": {"app_label": "tests", "model": "question"}}, {"model": "contenttypes.contenttype", "pk": 17, "fields": {"app_label": "tests", "model": "test"}}, {"model": "contenttypes.contenttype", "pk": 18, "fields": {"app_label": "tests", "model": "questionoption"}}, {"model": "contenttypes.contenttype", "pk": 19, "fields": {"app_label": "tests", "model": "answer"}}, {"model": "contenttypes.contenttype", "pk": 20, "fields": {"app_label": "tests", "model": "testattempt"}}, {"model": "sessions.session", "pk": "a8mluby3qnsbn4qh6e5tpf6o3y4b50xo", "fields": {"session_data": ".eJxVkM1qwzAQhN9lz0ZI1q99Kr33CUoxG0mOlMZSsGSSEvLutdpcclmWmW9mYe-A1uYt1Qm3Gnyq0WKNOU2LryG7AuPnHf53GOGCpVzz6qADrDAyLbjqNR8M4XoQRpoO_ILxvKM5YTi18XZsCrF5gcdXB393pq34dYqtksGLdkD77VMz3AnTMe-5VNd4IA0hT7eQj-z8-f3JvhQELGFP95ryXiL1wlAUWmltOXVUcuuE1DgLqpBpa7hSlBkvZieYchJRzcrMdGilxZfSXuFvl7j-wEgfv5P6Y0Q:1u058Y:H4LMytshEi6zj3whI7mBORH58heBycmt4whuTWNl3D0", "expire_date": "2025-04-16T20:56:38.389Z"}}, {"model": "sessions.session", "pk": "effsq84yftczr7ge7j9bffw7v6pk10cl", "fields": {"session_data": ".eJxVjEEOwiAQRe_C2pChwIAu3fcMZMqAVA0kpV0Z765NutDtf-_9lwi0rSVsPS1hZnERSpx-t4niI9Ud8J3qrcnY6rrMk9wVedAux8bpeT3cv4NCvXzrwYEeLEEyHsg4dC5qYLA6srGOsgEk5aLXiKB8MpmNQrZEmNFnOIv3B68tNto:1u01J5:bUrUQ8Rt0Hewqa5iU0ssyunkIXMNr6gSPeydm8zaA6I", "expire_date": "2025-04-16T16:51:15.375Z"}}, {"model": "sites.site", "pk": 1, "fields": {"domain": "example.com", "name": "example.com"}}, {"model": "account.emailaddress", "pk": 3, "fields": {"user": 4, "email": "ojsys@yahoo.com", "verified": false, "primary": true}}, {"model": "account.emailaddress", "pk": 4, "fields": {"user": 1, "email": "onahjonah@gmail.com", "verified": true, "primary": true}}, {"model": "users.user", "pk": 1, "fields": {"password": "pbkdf2_sha256$870000$hSiRtu4gXm3hEnZpxI3fVq$6ghr/pTxC/8mwwbaNGBrBRxpqRgudQqJ6ZIoMbxRMgM=", "last_login": "2025-04-02T20:56:38.385Z", "is_superuser": true, "username": "onahjonah", "first_name": "Jonah", "last_name": "Onah", "is_staff": true, "is_active": true, "date_joined": "2025-04-02T11:17:01Z", "email": "onahjonah@gmail.com", "middle_name": "O", "lga": "Enugu South", "application_status": "Approved", "phone_number": "09015170830", "date_of_birth": null, "groups": [], "user_permissions": []}}, {"model": "users.user", "pk": 4, "fields": {"password": "pbkdf2_sha256$870000$SvpPcAlEcq6FtfxUAbB7Hy$RhLC3RX6UUM6iKaaMBh+nNUXk2y3ilxfRlzPrtXM/kI=", "last_login": null, "is_superuser": false, "username": "jay", "first_name": "Jay", "last_name": "John", "is_staff": false, "is_active": true, "date_joined": "2025-04-02T16:51:38.721Z", "email": "ojsys@yahoo.com", "middle_name": "O", "lga": "", "application_status": "Pending", "phone_number": "09015170830", "date_of_birth": null, "groups": [], "user_permissions": []}}, {"model": "users.sitesettings", "pk": 1, "fields": {"site_title": "AfricaPlan Foundation", "site_description": "Empowering African youth through education and technology", "hero_title": "Welcome to HackaTest by AfricaPlan", "hero_subtitle": "Take assessments to know and improve on your skills", "hero_image": "hero_images/cover_image_CeeCTt0.jpeg", "primary_color": "#006400", "secondary_color": "#00008B", "accent_color": "#FFD700", "logo": "logos/logo_2_3pczpAU.png"}}, {"model": "tests.test", "pk": "b3c4794c-b7b4-482e-897b-847904f7fc17", "fields": {"title": "HackathonAfrica 3.0 Web Foundations Assessment", "description": "This assessment is designed to evaluate fundamental web development skills in HTML, CSS, and basic JavaScript. The test covers essential concepts such as structuring web pages with HTML, styling with CSS, and adding interactivity with JavaScript. It aims to gauge the readiness of applicants for the HackathonAfrica 3.0 program, ensuring they have the foundational knowledge necessary to excel in the bootcamp.", "time_limit": 60, "duration_minutes": 60, "created_at": "2025-04-02T20:40:18.263Z", "updated_at": "2025-04-03T13:52:12.232Z", "is_active": false}}, {"model": "tests.question", "pk": "0705a0a4-7519-47e1-8ac9-5074618966ab", "fields": {"test": "b3c4794c-b7b4-482e-897b-847904f7fc17", "text": "Which CSS value positions an element relative to the viewport?", "question_type": "MCQ", "points": 1, "created_at": "2025-04-02T20:40:58.223Z", "updated_at": "2025-04-02T20:40:58.223Z"}}, {"model": "tests.question", "pk": "09282209-13e3-44b5-b9c1-8a69544255fd", "fields": {"test": "b3c4794c-b7b4-482e-897b-847904f7fc17", "text": "Which JavaScript method removes the last array element?", "question_type": "MCQ", "points": 1, "created_at": "2025-04-02T20:40:58.416Z", "updated_at": "2025-04-02T20:40:58.416Z"}}, {"model": "tests.question", "pk": "09785072-e821-475a-b0ad-0aa2a2912373", "fields": {"test": "b3c4794c-b7b4-482e-897b-847904f7fc17", "text": "Which operator checks if a variable is undefined?", "question_type": "MCQ", "points": 1, "created_at": "2025-04-02T20:40:58.443Z", "updated_at": "2025-04-02T20:40:58.443Z"}}, {"model": "tests.question", "pk": "0b8b5337-fa21-4ff8-803c-544ed64fc12f", "fields": {"test": "b3c4794c-b7b4-482e-897b-847904f7fc17", "text": "Which tag defines an unordered list in HTML?", "question_type": "MCQ", "points": 1, "created_at": "2025-04-02T20:40:58.164Z", "updated_at": "2025-04-02T20:40:58.164Z"}}, {"model": "tests.question", "pk": "0e06770d-f7fb-4fc8-a231-412cd61d227a", "fields": {"test": "b3c4794c-b7b4-482e-897b-847904f7fc17", "text": "Which loop runs code a specific number of times?", "question_type": "MCQ", "points": 1, "created_at": "2025-04-02T20:40:58.299Z", "updated_at": "2025-04-02T20:40:58.299Z"}}, {"model": "tests.question", "pk": "120fbfad-bc61-42fa-86df-268c68d2521a", "fields": {"test": "b3c4794c-b7b4-482e-897b-847904f7fc17", "text": "Which CSS property sets the spacing between lines of text?", "question_type": "MCQ", "points": 1, "created_at": "2025-04-02T20:40:58.502Z", "updated_at": "2025-04-02T20:40:58.502Z"}}, {"model": "tests.question", "pk": "1468b0fa-eaf5-4f4c-a68e-d74e2092ef19", "fields": {"test": "b3c4794c-b7b4-482e-897b-847904f7fc17", "text": "Which JavaScript method returns the current date and time?", "question_type": "MCQ", "points": 1, "created_at": "2025-04-02T20:40:58.509Z", "updated_at": "2025-04-02T20:40:58.509Z"}}, {"model": "tests.question", "pk": "15d76deb-25cb-4ee1-b9d4-e6fa48e3e04c", "fields": {"test": "b3c4794c-b7b4-482e-897b-847904f7fc17", "text": "What is the default display value for a <div>?", "question_type": "MCQ", "points": 1, "created_at": "2025-04-02T20:40:58.234Z", "updated_at": "2025-04-02T20:40:58.235Z"}}, {"model": "tests.question", "pk": "17b6c5dc-7a57-4cc3-9ef7-0858db72a81c", "fields": {"test": "b3c4794c-b7b4-482e-897b-847904f7fc17", "text": "Which JavaScript keyword stops a loop?", "question_type": "MCQ", "points": 1, "created_at": "2025-04-02T20:40:58.490Z", "updated_at": "2025-04-02T20:40:58.490Z"}}, {"model": "tests.question", "pk": "1a7b7b31-c988-46b2-a6ba-d587aec78cc5", "fields": {"test": "b3c4794c-b7b4-482e-897b-847904f7fc17", "text": "What is the result of typeof null in JavaScript?", "question_type": "MCQ", "points": 1, "created_at": "2025-04-02T20:40:58.305Z", "updated_at": "2025-04-02T20:40:58.305Z"}}, {"model": "tests.question", "pk": "23b2543d-6c3d-4c4b-b553-34d7d90ef896", "fields": {"test": "b3c4794c-b7b4-482e-897b-847904f7fc17", "text": "Which attribute is required for <img> tags?", "question_type": "MCQ", "points": 1, "created_at": "2025-04-02T20:40:58.329Z", "updated_at": "2025-04-02T20:40:58.329Z"}}, {"model": "tests.question", "pk": "2bb82b97-eb9c-4186-8a27-3a8f1d5b9c57", "fields": {"test": "b3c4794c-b7b4-482e-897b-847904f7fc17", "text": "Which HTML element contains meta tags?", "question_type": "MCQ", "points": 1, "created_at": "2025-04-02T20:40:58.356Z", "updated_at": "2025-04-02T20:40:58.356Z"}}, {"model": "tests.question", "pk": "3038e3ff-faeb-4ffa-8866-8b286aff7802", "fields": {"test": "b3c4794c-b7b4-482e-897b-847904f7fc17", "text": "Which HTML element is used for JavaScript output?", "question_type": "MCQ", "points": 1, "created_at": "2025-04-02T20:40:58.471Z", "updated_at": "2025-04-02T20:40:58.471Z"}}, {"model": "tests.question", "pk": "390bdec0-159d-405b-ba07-066e54d2c25a", "fields": {"test": "b3c4794c-b7b4-482e-897b-847904f7fc17", "text": "Which JavaScript object is used for math operations?", "question_type": "MCQ", "points": 1, "created_at": "2025-04-02T20:40:58.457Z", "updated_at": "2025-04-02T20:40:58.457Z"}}, {"model": "tests.question", "pk": "391e5266-91be-4887-a6e4-3173da5c8dd9", "fields": {"test": "b3c4794c-b7b4-482e-897b-847904f7fc17", "text": "Which pseudo-class styles a visited link?", "question_type": "MCQ", "points": 1, "created_at": "2025-04-02T20:40:58.247Z", "updated_at": "2025-04-02T20:40:58.247Z"}}, {"model": "tests.question", "pk": "418b5344-a8e1-4888-9521-f97030c6e467", "fields": {"test": "b3c4794c-b7b4-482e-897b-847904f7fc17", "text": "Which attribute is used to specify an image's description in HTML?", "question_type": "MCQ", "points": 1, "created_at": "2025-04-02T20:40:58.145Z", "updated_at": "2025-04-02T20:40:58.145Z"}}, {"model": "tests.question", "pk": "422ac9a2-7a06-4ba3-bd98-bf622605527a", "fields": {"test": "b3c4794c-b7b4-482e-897b-847904f7fc17", "text": "Which property changes the font family?", "question_type": "MCQ", "points": 1, "created_at": "2025-04-02T20:40:58.229Z", "updated_at": "2025-04-02T20:40:58.229Z"}}, {"model": "tests.question", "pk": "44c4391a-01a5-43a5-9efb-9d1ed6e9ba83", "fields": {"test": "b3c4794c-b7b4-482e-897b-847904f7fc17", "text": "Which HTML attribute specifies where to open a link?", "question_type": "MCQ", "points": 1, "created_at": "2025-04-02T20:40:58.363Z", "updated_at": "2025-04-02T20:40:58.363Z"}}, {"model": "tests.question", "pk": "45de795e-0749-4b61-8dd3-cb8afb7d46d7", "fields": {"test": "b3c4794c-b7b4-482e-897b-847904f7fc17", "text": "What does 'NaN' stand for?", "question_type": "MCQ", "points": 1, "created_at": "2025-04-02T20:40:58.430Z", "updated_at": "2025-04-02T20:40:58.430Z"}}, {"model": "tests.question", "pk": "4ce29ff9-baa6-4dc1-8d20-723eb18929a6", "fields": {"test": "b3c4794c-b7b4-482e-897b-847904f7fc17", "text": "Which function converts a string to an integer?", "question_type": "MCQ", "points": 1, "created_at": "2025-04-02T20:40:58.292Z", "updated_at": "2025-04-02T20:40:58.292Z"}}, {"model": "tests.question", "pk": "4db8756b-8119-4567-9614-cf17bda82d2e", "fields": {"test": "b3c4794c-b7b4-482e-897b-847904f7fc17", "text": "What does CSS stand for?", "question_type": "MCQ", "points": 1, "created_at": "2025-04-02T20:40:58.200Z", "updated_at": "2025-04-02T20:40:58.200Z"}}, {"model": "tests.question", "pk": "54c00209-d3e6-4e8e-94dc-2a0c64a13da2", "fields": {"test": "b3c4794c-b7b4-482e-897b-847904f7fc17", "text": "Which HTML tag embeds JavaScript code?", "question_type": "MCQ", "points": 1, "created_at": "2025-04-02T20:40:58.183Z", "updated_at": "2025-04-02T20:40:58.183Z"}}, {"model": "tests.question", "pk": "5528b8d7-f995-4a0a-a69f-c1d47338af85", "fields": {"test": "b3c4794c-b7b4-482e-897b-847904f7fc17", "text": "Which method adds an event listener in JavaScript?", "question_type": "MCQ", "points": 1, "created_at": "2025-04-02T20:40:58.450Z", "updated_at": "2025-04-02T20:40:58.450Z"}}, {"model": "tests.question", "pk": "55a75489-d5ce-4820-808c-f22359911f05", "fields": {"test": "b3c4794c-b7b4-482e-897b-847904f7fc17", "text": "Which CSS property aligns text to the center?", "question_type": "MCQ", "points": 1, "created_at": "2025-04-02T20:40:58.241Z", "updated_at": "2025-04-02T20:40:58.241Z"}}, {"model": "tests.question", "pk": "5698a069-02f5-44dd-bea9-6d5f428dd81a", "fields": {"test": "b3c4794c-b7b4-482e-897b-847904f7fc17", "text": "Which CSS value centers an element horizontally?", "question_type": "MCQ", "points": 1, "created_at": "2025-04-02T20:40:58.403Z", "updated_at": "2025-04-02T20:40:58.403Z"}}, {"model": "tests.question", "pk": "609b98e2-4bbb-4875-ae92-9e180d5e2379", "fields": {"test": "b3c4794c-b7b4-482e-897b-847904f7fc17", "text": "How do you include an external CSS file?", "question_type": "MCQ", "points": 1, "created_at": "2025-04-02T20:40:58.212Z", "updated_at": "2025-04-02T20:40:58.212Z"}}, {"model": "tests.question", "pk": "6d905067-4c82-449f-ace2-368259ca6532", "fields": {"test": "b3c4794c-b7b4-482e-897b-847904f7fc17", "text": "Which CSS selector targets an element by ID?", "question_type": "MCQ", "points": 1, "created_at": "2025-04-02T20:40:58.206Z", "updated_at": "2025-04-02T20:40:58.206Z"}}, {"model": "tests.question", "pk": "7348a574-fb9e-479d-aa0b-87ea8822f7ca", "fields": {"test": "b3c4794c-b7b4-482e-897b-847904f7fc17", "text": "Which CSS property adds rounded borders?", "question_type": "MCQ", "points": 1, "created_at": "2025-04-02T20:40:58.389Z", "updated_at": "2025-04-02T20:40:58.389Z"}}, {"model": "tests.question", "pk": "76ca1c44-6620-48d5-a0bc-c4adc1be3acf", "fields": {"test": "b3c4794c-b7b4-482e-897b-847904f7fc17", "text": "Which method converts a JavaScript object to a JSON string?", "question_type": "MCQ", "points": 1, "created_at": "2025-04-02T20:40:58.465Z", "updated_at": "2025-04-02T20:40:58.465Z"}}, {"model": "tests.question", "pk": "77f13078-0e6e-48b1-9eb7-b9d23c69f996", "fields": {"test": "b3c4794c-b7b4-482e-897b-847904f7fc17", "text": "Which property adds space outside an element's border?", "question_type": "MCQ", "points": 1, "created_at": "2025-04-02T20:40:58.218Z", "updated_at": "2025-04-02T20:40:58.218Z"}}, {"model": "tests.question", "pk": "7868c495-bcc9-44fb-9084-c36e00019872", "fields": {"test": "b3c4794c-b7b4-482e-897b-847904f7fc17", "text": "Which HTML tag is used to define a hyperlink?", "question_type": "MCQ", "points": 1, "created_at": "2025-04-02T20:40:58.139Z", "updated_at": "2025-04-02T20:40:58.139Z"}}, {"model": "tests.question", "pk": "795e2676-058c-4194-ac1d-58e48bd4ac7d", "fields": {"test": "b3c4794c-b7b4-482e-897b-847904f7fc17", "text": "Which event occurs when a user clicks an element?", "question_type": "MCQ", "points": 1, "created_at": "2025-04-02T20:40:58.279Z", "updated_at": "2025-04-02T20:40:58.279Z"}}, {"model": "tests.question", "pk": "8129a52c-c604-4655-93e5-87b74448a0ba", "fields": {"test": "b3c4794c-b7b4-482e-897b-847904f7fc17", "text": "What does '===\\'92 mean in JavaScript?", "question_type": "MCQ", "points": 1, "created_at": "2025-04-02T20:40:58.286Z", "updated_at": "2025-04-02T20:40:58.286Z"}}, {"model": "tests.question", "pk": "814ad6a0-51a0-4df2-b8aa-aff0bf733ffb", "fields": {"test": "b3c4794c-b7b4-482e-897b-847904f7fc17", "text": "Which HTML tag defines a paragraph?", "question_type": "MCQ", "points": 1, "created_at": "2025-04-02T20:40:58.335Z", "updated_at": "2025-04-02T20:40:58.335Z"}}, {"model": "tests.question", "pk": "85a6ab05-c1f2-4585-9969-1e24a8241aaf", "fields": {"test": "b3c4794c-b7b4-482e-897b-847904f7fc17", "text": "Which HTML attribute specifies an input field's initial value?", "question_type": "MCQ", "points": 1, "created_at": "2025-04-02T20:40:58.177Z", "updated_at": "2025-04-02T20:40:58.177Z"}}, {"model": "tests.question", "pk": "85a7681d-46bb-452c-a938-e3f11ce317b1", "fields": {"test": "b3c4794c-b7b4-482e-897b-847904f7fc17", "text": "Which CSS property sets the background color?", "question_type": "MCQ", "points": 1, "created_at": "2025-04-02T20:40:58.370Z", "updated_at": "2025-04-02T20:40:58.370Z"}}, {"model": "tests.question", "pk": "8986ae05-89d9-4e99-8a83-523968f2eca3", "fields": {"test": "b3c4794c-b7b4-482e-897b-847904f7fc17", "text": "Which CSS property sets text size?", "question_type": "MCQ", "points": 1, "created_at": "2025-04-02T20:40:58.484Z", "updated_at": "2025-04-02T20:40:58.484Z"}}, {"model": "tests.question", "pk": "8b95563a-c906-4bb8-831c-60ecd900ddb5", "fields": {"test": "b3c4794c-b7b4-482e-897b-847904f7fc17", "text": "What does the 'DOM' stand for?", "question_type": "MCQ", "points": 1, "created_at": "2025-04-02T20:40:58.266Z", "updated_at": "2025-04-02T20:40:58.266Z"}}, {"model": "tests.question", "pk": "8cbd7e40-af40-433a-b7a4-c229749d1d82", "fields": {"test": "b3c4794c-b7b4-482e-897b-847904f7fc17", "text": "Which keyword declares a block-scoped variable?", "question_type": "MCQ", "points": 1, "created_at": "2025-04-02T20:40:58.259Z", "updated_at": "2025-04-02T20:40:58.259Z"}}, {"model": "tests.question", "pk": "92127dfa-a737-4e36-9b2d-c72a3f4342d3", "fields": {"test": "b3c4794c-b7b4-482e-897b-847904f7fc17", "text": "Which method selects an element by ID in JavaScript?", "question_type": "MCQ", "points": 1, "created_at": "2025-04-02T20:40:58.272Z", "updated_at": "2025-04-02T20:40:58.272Z"}}, {"model": "tests.question", "pk": "952cc01f-5027-4827-b0f9-0391580fafe1", "fields": {"test": "b3c4794c-b7b4-482e-897b-847904f7fc17", "text": "Which HTML tag defines a button?", "question_type": "MCQ", "points": 1, "created_at": "2025-04-02T20:40:58.477Z", "updated_at": "2025-04-02T20:40:58.477Z"}}, {"model": "tests.question", "pk": "964dbc89-2d4c-481c-9ba7-76fd428c6720", "fields": {"test": "b3c4794c-b7b4-482e-897b-847904f7fc17", "text": "Which CSS property controls element visibility?", "question_type": "MCQ", "points": 1, "created_at": "2025-04-02T20:40:58.376Z", "updated_at": "2025-04-02T20:40:58.376Z"}}, {"model": "tests.question", "pk": "a44101e6-1871-43fe-9a7f-c933f89f6772", "fields": {"test": "b3c4794c-b7b4-482e-897b-847904f7fc17", "text": "Which JavaScript function delays code execution?", "question_type": "MCQ", "points": 1, "created_at": "2025-04-02T20:40:58.423Z", "updated_at": "2025-04-02T20:40:58.423Z"}}, {"model": "tests.question", "pk": "a9dac122-458d-4b68-b84c-63b770c41687", "fields": {"test": "b3c4794c-b7b4-482e-897b-847904f7fc17", "text": "Which CSS unit is relative to the font size?", "question_type": "MCQ", "points": 1, "created_at": "2025-04-02T20:40:58.383Z", "updated_at": "2025-04-02T20:40:58.383Z"}}, {"model": "tests.question", "pk": "ad6ad978-b0dc-44fc-be0b-d37996277fb2", "fields": {"test": "b3c4794c-b7b4-482e-897b-847904f7fc17", "text": "Which CSS property controls text color?", "question_type": "MCQ", "points": 1, "created_at": "2025-04-02T20:40:58.195Z", "updated_at": "2025-04-02T20:40:58.195Z"}}, {"model": "tests.question", "pk": "b82c1628-5fc5-48cd-806f-c2d11256bdbd", "fields": {"test": "b3c4794c-b7b4-482e-897b-847904f7fc17", "text": "What is the root element of an HTML document?", "question_type": "MCQ", "points": 1, "created_at": "2025-04-02T20:40:58.130Z", "updated_at": "2025-04-02T20:40:58.130Z"}}, {"model": "tests.question", "pk": "bd1f04bc-9a72-4d9c-91eb-8928c1db8d74", "fields": {"test": "b3c4794c-b7b4-482e-897b-847904f7fc17", "text": "Which CSS selector targets all <p> elements?", "question_type": "MCQ", "points": 1, "created_at": "2025-04-02T20:40:58.410Z", "updated_at": "2025-04-02T20:40:58.410Z"}}, {"model": "tests.question", "pk": "c021f1cd-b96b-4045-add5-df878204ac0c", "fields": {"test": "b3c4794c-b7b4-482e-897b-847904f7fc17", "text": "Which array method adds an element to the end?", "question_type": "MCQ", "points": 1, "created_at": "2025-04-02T20:40:58.311Z", "updated_at": "2025-04-02T20:40:58.311Z"}}, {"model": "tests.question", "pk": "c2b62579-7732-475b-b6ab-5fd41707723f", "fields": {"test": "b3c4794c-b7b4-482e-897b-847904f7fc17", "text": "Which HTML element is used for a numbered list?", "question_type": "MCQ", "points": 1, "created_at": "2025-04-02T20:40:58.343Z", "updated_at": "2025-04-02T20:40:58.343Z"}}, {"model": "tests.question", "pk": "c7d68bf1-7225-4f5a-9808-5f29e42199b6", "fields": {"test": "b3c4794c-b7b4-482e-897b-847904f7fc17", "text": "What does the HTML <br> tag represent?", "question_type": "MCQ", "points": 1, "created_at": "2025-04-02T20:40:58.152Z", "updated_at": "2025-04-02T20:40:58.152Z"}}, {"model": "tests.question", "pk": "cd945d48-f82e-4e6f-9a19-0b541518c9e4", "fields": {"test": "b3c4794c-b7b4-482e-897b-847904f7fc17", "text": "Which HTML tag is used to embed a video?", "question_type": "MCQ", "points": 1, "created_at": "2025-04-02T20:40:58.496Z", "updated_at": "2025-04-02T20:40:58.496Z"}}, {"model": "tests.question", "pk": "d3a681fe-0f76-4dc2-a8e4-57b91720f881", "fields": {"test": "b3c4794c-b7b4-482e-897b-847904f7fc17", "text": "What is the output of 3 + '3' in JavaScript?", "question_type": "MCQ", "points": 1, "created_at": "2025-04-02T20:40:58.254Z", "updated_at": "2025-04-02T20:40:58.254Z"}}, {"model": "tests.question", "pk": "d859bd97-fd68-4fd1-a389-0db828235ca7", "fields": {"test": "b3c4794c-b7b4-482e-897b-847904f7fc17", "text": "Which HTML element defines emphasized text?", "question_type": "MCQ", "points": 1, "created_at": "2025-04-02T20:40:58.323Z", "updated_at": "2025-04-02T20:40:58.323Z"}}, {"model": "tests.question", "pk": "e2157e84-7914-4212-90ad-cbc13b718913", "fields": {"test": "b3c4794c-b7b4-482e-897b-847904f7fc17", "text": "Which tag is used to create a dropdown list in HTML?", "question_type": "MCQ", "points": 1, "created_at": "2025-04-02T20:40:58.189Z", "updated_at": "2025-04-02T20:40:58.189Z"}}, {"model": "tests.question", "pk": "e5a6baab-58d5-4f4a-b628-ed9c86a7c278", "fields": {"test": "b3c4794c-b7b4-482e-897b-847904f7fc17", "text": "Which HTML tag creates a line break?", "question_type": "MCQ", "points": 1, "created_at": "2025-04-02T20:40:58.350Z", "updated_at": "2025-04-02T20:40:58.350Z"}}, {"model": "tests.question", "pk": "eb7e5dfa-97ee-4d49-8a8d-d4ff0c94e62e", "fields": {"test": "b3c4794c-b7b4-482e-897b-847904f7fc17", "text": "Which HTML tag is used for a table row?", "question_type": "MCQ", "points": 1, "created_at": "2025-04-02T20:40:58.317Z", "updated_at": "2025-04-02T20:40:58.317Z"}}, {"model": "tests.question", "pk": "f358b49b-02c0-426d-a339-a1216f808bfb", "fields": {"test": "b3c4794c-b7b4-482e-897b-847904f7fc17", "text": "What is the purpose of the HTML <meta> tag?", "question_type": "MCQ", "points": 1, "created_at": "2025-04-02T20:40:58.171Z", "updated_at": "2025-04-02T20:40:58.171Z"}}, {"model": "tests.question", "pk": "f8a78f1b-2fc3-47fe-9a37-45ef69ec3391", "fields": {"test": "b3c4794c-b7b4-482e-897b-847904f7fc17", "text": "Which CSS property controls text boldness?", "question_type": "MCQ", "points": 1, "created_at": "2025-04-02T20:40:58.397Z", "updated_at": "2025-04-02T20:40:58.397Z"}}, {"model": "tests.question", "pk": "fc967e0f-aaf5-478d-a9a9-a34158e38bdc", "fields": {"test": "b3c4794c-b7b4-482e-897b-847904f7fc17", "text": "Which JavaScript method converts a string to uppercase?", "question_type": "MCQ", "points": 1, "created_at": "2025-04-02T20:40:58.437Z", "updated_at": "2025-04-02T20:40:58.437Z"}}, {"model": "tests.question", "pk": "fca3dc76-8520-477e-bf06-cebdb2a5e36a", "fields": {"test": "b3c4794c-b7b4-482e-897b-847904f7fc17", "text": "Which HTML element is used for the largest heading?", "question_type": "MCQ", "points": 1, "created_at": "2025-04-02T20:40:58.158Z", "updated_at": "2025-04-02T20:40:58.158Z"}}, {"model": "tests.questionoption", "pk": "04875061-3c54-4e77-bc80-028be2473793", "fields": {"question": "a9dac122-458d-4b68-b84c-63b770c41687", "text": "rem", "is_correct": false}}, {"model": "tests.questionoption", "pk": "04fa70c0-af1e-4b65-828f-273f6f707ddb", "fields": {"question": "55a75489-d5ce-4820-808c-f22359911f05", "text": "align-content", "is_correct": false}}, {"model": "tests.questionoption", "pk": "058eb8f8-f21b-4970-990b-b6a1395158b6", "fields": {"question": "d859bd97-fd68-4fd1-a389-0db828235ca7", "text": "<strong>", "is_correct": false}}, {"model": "tests.questionoption", "pk": "06575b6f-0581-4139-9405-ea3b751b65ac", "fields": {"question": "d3a681fe-0f76-4dc2-a8e4-57b91720f881", "text": "33", "is_correct": true}}, {"model": "tests.questionoption", "pk": "072e3ae0-08aa-4fd8-88e6-c45d7e19a6ae", "fields": {"question": "ad6ad978-b0dc-44fc-be0b-d37996277fb2", "text": "font-color", "is_correct": false}}, {"model": "tests.questionoption", "pk": "08663116-1abf-4dec-bcac-2a20ecd6fab2", "fields": {"question": "391e5266-91be-4887-a6e4-3173da5c8dd9", "text": ":hover", "is_correct": false}}, {"model": "tests.questionoption", "pk": "0948874f-eeac-41fc-932a-ee39c3b60f14", "fields": {"question": "eb7e5dfa-97ee-4d49-8a8d-d4ff0c94e62e", "text": "<td>", "is_correct": false}}, {"model": "tests.questionoption", "pk": "0a37e585-3708-4ec4-a30a-ce82747302bf", "fields": {"question": "1468b0fa-eaf5-4f4c-a68e-d74e2092ef19", "text": "getDate()", "is_correct": false}}, {"model": "tests.questionoption", "pk": "0b27de90-31e8-4976-906d-3dd4b1f4a86b", "fields": {"question": "4db8756b-8119-4567-9614-cf17bda82d2e", "text": "Creative Style Sheets", "is_correct": false}}, {"model": "tests.questionoption", "pk": "0bfc5074-af7b-4cb4-8776-d3a6b87cf5fa", "fields": {"question": "8129a52c-c604-4655-93e5-87b74448a0ba", "text": "Loose equality", "is_correct": false}}, {"model": "tests.questionoption", "pk": "0d5b75db-6296-4475-a07d-040e5d48d092", "fields": {"question": "85a7681d-46bb-452c-a938-e3f11ce317b1", "text": "color", "is_correct": false}}, {"model": "tests.questionoption", "pk": "0f96da83-793e-4d4d-bb9e-3b15a2efa27d", "fields": {"question": "0b8b5337-fa21-4ff8-803c-544ed64fc12f", "text": "<ol>", "is_correct": false}}, {"model": "tests.questionoption", "pk": "10c0ac51-47eb-4588-97c6-2c4b95faa1ad", "fields": {"question": "d859bd97-fd68-4fd1-a389-0db828235ca7", "text": "<i>", "is_correct": false}}, {"model": "tests.questionoption", "pk": "10d9d460-199d-484b-a0d5-d815e9bc8b66", "fields": {"question": "85a6ab05-c1f2-4585-9969-1e24a8241aaf", "text": "initial", "is_correct": false}}, {"model": "tests.questionoption", "pk": "10f387cd-4f11-4127-a12f-cd3abc75f135", "fields": {"question": "e5a6baab-58d5-4f4a-b628-ed9c86a7c278", "text": "<break>", "is_correct": false}}, {"model": "tests.questionoption", "pk": "1247065c-49e1-4209-8abd-acde31352c8d", "fields": {"question": "f8a78f1b-2fc3-47fe-9a37-45ef69ec3391", "text": "font-strength", "is_correct": false}}, {"model": "tests.questionoption", "pk": "126f56a9-5572-431b-9dd5-a9bdba23c264", "fields": {"question": "d3a681fe-0f76-4dc2-a8e4-57b91720f881", "text": "6", "is_correct": false}}, {"model": "tests.questionoption", "pk": "129026d8-015e-4650-a6b7-fe2d963a3a2a", "fields": {"question": "c021f1cd-b96b-4045-add5-df878204ac0c", "text": "unshift()", "is_correct": false}}, {"model": "tests.questionoption", "pk": "12eb6cf7-54eb-409c-8069-57d7ac9724fa", "fields": {"question": "a9dac122-458d-4b68-b84c-63b770c41687", "text": "em", "is_correct": true}}, {"model": "tests.questionoption", "pk": "146d2b05-fabf-4f47-8d55-a05866c10fdb", "fields": {"question": "d859bd97-fd68-4fd1-a389-0db828235ca7", "text": "<bold>", "is_correct": false}}, {"model": "tests.questionoption", "pk": "15abcffa-d99c-489d-8703-967d620b4c0b", "fields": {"question": "3038e3ff-faeb-4ffa-8866-8b286aff7802", "text": "<js>", "is_correct": false}}, {"model": "tests.questionoption", "pk": "163c357a-40e3-4272-989b-697ccdcf54d6", "fields": {"question": "b82c1628-5fc5-48cd-806f-c2d11256bdbd", "text": "<!DOCTYPE>", "is_correct": false}}, {"model": "tests.questionoption", "pk": "16c4fae9-a3da-44c1-a67d-97b99a991434", "fields": {"question": "54c00209-d3e6-4e8e-94dc-2a0c64a13da2", "text": "<code>", "is_correct": false}}, {"model": "tests.questionoption", "pk": "185f9e0c-a5ec-4d7e-9db9-1806bb234b3d", "fields": {"question": "422ac9a2-7a06-4ba3-bd98-bf622605527a", "text": "font", "is_correct": false}}, {"model": "tests.questionoption", "pk": "1bb42a2e-e299-43b9-a6a6-71dd8cabcda0", "fields": {"question": "e5a6baab-58d5-4f4a-b628-ed9c86a7c278", "text": "<lb>", "is_correct": false}}, {"model": "tests.questionoption", "pk": "1d074c55-9917-488b-a860-a6151c990c3c", "fields": {"question": "952cc01f-5027-4827-b0f9-0391580fafe1", "text": "<input type='button'>", "is_correct": false}}, {"model": "tests.questionoption", "pk": "1d5e79fd-9ea1-463d-8491-e6412c097b15", "fields": {"question": "8129a52c-c604-4655-93e5-87b74448a0ba", "text": "Assignment", "is_correct": false}}, {"model": "tests.questionoption", "pk": "1e7ab9db-e41e-4913-bfae-df8aa0d991f0", "fields": {"question": "418b5344-a8e1-4888-9521-f97030c6e467", "text": "src", "is_correct": false}}, {"model": "tests.questionoption", "pk": "1eb00ba4-c19f-45ca-ae0e-22510b779910", "fields": {"question": "17b6c5dc-7a57-4cc3-9ef7-0858db72a81c", "text": "stop", "is_correct": false}}, {"model": "tests.questionoption", "pk": "1ef97397-e7be-4181-a66d-e93f49460c8f", "fields": {"question": "e2157e84-7914-4212-90ad-cbc13b718913", "text": "<input>", "is_correct": false}}, {"model": "tests.questionoption", "pk": "201502f8-a3cc-4939-8ea0-2fc2876022af", "fields": {"question": "4db8756b-8119-4567-9614-cf17bda82d2e", "text": "Computer Style Sheets", "is_correct": false}}, {"model": "tests.questionoption", "pk": "20401de9-4407-4c11-b085-78fd81d3eb86", "fields": {"question": "f8a78f1b-2fc3-47fe-9a37-45ef69ec3391", "text": "font-weight", "is_correct": true}}, {"model": "tests.questionoption", "pk": "21a90892-ffcc-4bd1-a8ac-cebe7dc00e97", "fields": {"question": "0e06770d-f7fb-4fc8-a231-412cd61d227a", "text": "for", "is_correct": true}}, {"model": "tests.questionoption", "pk": "22f51e92-0e1f-4b6c-b69a-c9cd41bbef26", "fields": {"question": "814ad6a0-51a0-4df2-b8aa-aff0bf733ffb", "text": "<para>", "is_correct": false}}, {"model": "tests.questionoption", "pk": "23161e85-fc8c-4aa4-b148-6973fd5d7012", "fields": {"question": "17b6c5dc-7a57-4cc3-9ef7-0858db72a81c", "text": "break", "is_correct": true}}, {"model": "tests.questionoption", "pk": "258e265a-f246-47cf-a210-94113752cc18", "fields": {"question": "a44101e6-1871-43fe-9a7f-c933f89f6772", "text": "setTimeout()", "is_correct": true}}, {"model": "tests.questionoption", "pk": "27d1358e-17c5-4d55-92bf-92c6f25a92c1", "fields": {"question": "814ad6a0-51a0-4df2-b8aa-aff0bf733ffb", "text": "<p>", "is_correct": true}}, {"model": "tests.questionoption", "pk": "27e7684f-490f-4b55-8f0a-48eb01a5938d", "fields": {"question": "0e06770d-f7fb-4fc8-a231-412cd61d227a", "text": "do...while", "is_correct": false}}, {"model": "tests.questionoption", "pk": "2864bca7-f5ab-46f4-a62c-3b0ae9376f5a", "fields": {"question": "8986ae05-89d9-4e99-8a83-523968f2eca3", "text": "size", "is_correct": false}}, {"model": "tests.questionoption", "pk": "2908fb88-7398-47be-9488-f7cfa1481ad9", "fields": {"question": "8cbd7e40-af40-433a-b7a4-c229749d1d82", "text": "const", "is_correct": false}}, {"model": "tests.questionoption", "pk": "297e4cdd-9edb-4af0-aa00-cec042bf67d0", "fields": {"question": "f358b49b-02c0-426d-a339-a1216f808bfb", "text": "To provide metadata", "is_correct": true}}, {"model": "tests.questionoption", "pk": "2af9f242-9f60-42b9-a804-5b6e28d56153", "fields": {"question": "77f13078-0e6e-48b1-9eb7-b9d23c69f996", "text": "border-space", "is_correct": false}}, {"model": "tests.questionoption", "pk": "2ba47bfe-fdf3-4afa-a91b-13d637bfd272", "fields": {"question": "418b5344-a8e1-4888-9521-f97030c6e467", "text": "title", "is_correct": false}}, {"model": "tests.questionoption", "pk": "2bffcc8e-2cc0-4b9a-aa40-e50c70de6bee", "fields": {"question": "1468b0fa-eaf5-4f4c-a68e-d74e2092ef19", "text": "Date()", "is_correct": true}}, {"model": "tests.questionoption", "pk": "2cf120c5-971f-47dd-afff-9b252204e376", "fields": {"question": "5528b8d7-f995-4a0a-a69f-c1d47338af85", "text": "listen()", "is_correct": false}}, {"model": "tests.questionoption", "pk": "2d4c801c-db74-4db8-b840-32c17e9ad364", "fields": {"question": "5698a069-02f5-44dd-bea9-6d5f428dd81a", "text": "align: center;", "is_correct": false}}, {"model": "tests.questionoption", "pk": "2e39143e-0ca9-4021-9d77-37ad3cb5ad5b", "fields": {"question": "391e5266-91be-4887-a6e4-3173da5c8dd9", "text": ":link", "is_correct": false}}, {"model": "tests.questionoption", "pk": "2e3cfe8e-b80c-4146-b6fe-ebc0e176f55e", "fields": {"question": "77f13078-0e6e-48b1-9eb7-b9d23c69f996", "text": "margin", "is_correct": true}}, {"model": "tests.questionoption", "pk": "2e741238-1ec8-4b8c-b072-faaa95797385", "fields": {"question": "c7d68bf1-7225-4f5a-9808-5f29e42199b6", "text": "Bold text", "is_correct": false}}, {"model": "tests.questionoption", "pk": "2f6d444f-e7b2-47b6-a102-b19a21baf26d", "fields": {"question": "1468b0fa-eaf5-4f4c-a68e-d74e2092ef19", "text": "now()", "is_correct": false}}, {"model": "tests.questionoption", "pk": "30388115-6097-4fbf-a109-6363a4639bbb", "fields": {"question": "a44101e6-1871-43fe-9a7f-c933f89f6772", "text": "pause()", "is_correct": false}}, {"model": "tests.questionoption", "pk": "30b9d1ce-e273-4981-b3f0-52b99bf654f4", "fields": {"question": "7348a574-fb9e-479d-aa0b-87ea8822f7ca", "text": "edge-radius", "is_correct": false}}, {"model": "tests.questionoption", "pk": "3157a5ae-5289-49f7-9cfa-0ce3d493905d", "fields": {"question": "964dbc89-2d4c-481c-9ba7-76fd428c6720", "text": "opacity", "is_correct": false}}, {"model": "tests.questionoption", "pk": "31743d7e-8068-44b0-a125-6adef5d8ca4d", "fields": {"question": "390bdec0-159d-405b-ba07-066e54d2c25a", "text": "Arithmetic", "is_correct": false}}, {"model": "tests.questionoption", "pk": "31d714a9-9b4b-4391-a04d-5e27eaa16e90", "fields": {"question": "120fbfad-bc61-42fa-86df-268c68d2521a", "text": "line-height", "is_correct": true}}, {"model": "tests.questionoption", "pk": "320be7cb-c3f1-4756-899c-817c58dde54e", "fields": {"question": "422ac9a2-7a06-4ba3-bd98-bf622605527a", "text": "text-font", "is_correct": false}}, {"model": "tests.questionoption", "pk": "333b5eb6-1858-4465-9a2e-57ad8be9f57f", "fields": {"question": "45de795e-0749-4b61-8dd3-cb8afb7d46d7", "text": "Null and None", "is_correct": false}}, {"model": "tests.questionoption", "pk": "34677ef6-5689-44fb-8d1f-54c46ee8d8b0", "fields": {"question": "8986ae05-89d9-4e99-8a83-523968f2eca3", "text": "font", "is_correct": false}}, {"model": "tests.questionoption", "pk": "34d2caa2-e706-4ad3-bdcb-b3c93df036bd", "fields": {"question": "e2157e84-7914-4212-90ad-cbc13b718913", "text": "<option>", "is_correct": false}}, {"model": "tests.questionoption", "pk": "34eb09da-0b60-44df-a234-e4db78e3130c", "fields": {"question": "3038e3ff-faeb-4ffa-8866-8b286aff7802", "text": "<script>", "is_correct": true}}, {"model": "tests.questionoption", "pk": "352fd1b3-f202-4456-9b74-3b4b7a627e11", "fields": {"question": "c2b62579-7732-475b-b6ab-5fd41707723f", "text": "<list>", "is_correct": false}}, {"model": "tests.questionoption", "pk": "359405c4-1e81-4ad9-bdf3-eabefed9b30b", "fields": {"question": "964dbc89-2d4c-481c-9ba7-76fd428c6720", "text": "display", "is_correct": true}}, {"model": "tests.questionoption", "pk": "35e68bbc-853a-46c2-81c4-7e6142692255", "fields": {"question": "4db8756b-8119-4567-9614-cf17bda82d2e", "text": "Cascading Style Sheets", "is_correct": true}}, {"model": "tests.questionoption", "pk": "370d00e5-a2ce-4dd1-bc53-bb57173caa22", "fields": {"question": "1a7b7b31-c988-46b2-a6ba-d587aec78cc5", "text": "undefined", "is_correct": false}}, {"model": "tests.questionoption", "pk": "3797016f-d33c-4136-93f3-0ca161a82fc6", "fields": {"question": "6d905067-4c82-449f-ace2-368259ca6532", "text": "element:id", "is_correct": false}}, {"model": "tests.questionoption", "pk": "399f392c-824a-4ea2-874a-cd0da29e7a85", "fields": {"question": "76ca1c44-6620-48d5-a0bc-c4adc1be3acf", "text": "JSON.parse()", "is_correct": false}}, {"model": "tests.questionoption", "pk": "39e8a013-ff7f-4a3f-a90a-7f432e400f70", "fields": {"question": "09785072-e821-475a-b0ad-0aa2a2912373", "text": "===", "is_correct": false}}, {"model": "tests.questionoption", "pk": "3a39d682-17c0-4229-a39b-5bf678e4045e", "fields": {"question": "fca3dc76-8520-477e-bf06-cebdb2a5e36a", "text": "<h6>", "is_correct": false}}, {"model": "tests.questionoption", "pk": "40349985-9e01-477d-9a50-a37058158c31", "fields": {"question": "fc967e0f-aaf5-478d-a9a9-a34158e38bdc", "text": "capitalize()", "is_correct": false}}, {"model": "tests.questionoption", "pk": "40390b3f-e729-4405-b4b4-c9358cdc1ae7", "fields": {"question": "eb7e5dfa-97ee-4d49-8a8d-d4ff0c94e62e", "text": "<table>", "is_correct": false}}, {"model": "tests.questionoption", "pk": "406f8822-564b-4af5-86d4-f24c59c37d5a", "fields": {"question": "390bdec0-159d-405b-ba07-066e54d2c25a", "text": "Math", "is_correct": true}}, {"model": "tests.questionoption", "pk": "42ff71b8-ca13-4c98-bb48-a656f3a2f2d3", "fields": {"question": "d3a681fe-0f76-4dc2-a8e4-57b91720f881", "text": "3+3", "is_correct": false}}, {"model": "tests.questionoption", "pk": "442e2999-d52c-409c-821c-1399fd9ee588", "fields": {"question": "23b2543d-6c3d-4c4b-b553-34d7d90ef896", "text": "alt", "is_correct": false}}, {"model": "tests.questionoption", "pk": "4a085014-ffc5-4baf-ac61-643dd97cb313", "fields": {"question": "1a7b7b31-c988-46b2-a6ba-d587aec78cc5", "text": "number", "is_correct": false}}, {"model": "tests.questionoption", "pk": "4a4d0009-fb3e-4218-bdeb-ee0a2cdb89c9", "fields": {"question": "609b98e2-4bbb-4875-ae92-9e180d5e2379", "text": "@import file.css", "is_correct": false}}, {"model": "tests.questionoption", "pk": "4ba725c2-a27c-4f15-866c-2618be78ea57", "fields": {"question": "54c00209-d3e6-4e8e-94dc-2a0c64a13da2", "text": "<js>", "is_correct": false}}, {"model": "tests.questionoption", "pk": "4cdedd32-bda9-4a33-970f-d6b907709357", "fields": {"question": "92127dfa-a737-4e36-9b2d-c72a3f4342d3", "text": "document.findElement()", "is_correct": false}}, {"model": "tests.questionoption", "pk": "4e935952-f251-4a95-b059-513a5b1f8ce7", "fields": {"question": "f358b49b-02c0-426d-a339-a1216f808bfb", "text": "To create a navigation menu", "is_correct": false}}, {"model": "tests.questionoption", "pk": "4f227203-b1ff-43f5-9d18-98a016c025f3", "fields": {"question": "3038e3ff-faeb-4ffa-8866-8b286aff7802", "text": "<code>", "is_correct": false}}, {"model": "tests.questionoption", "pk": "4f9b925e-56e3-4e97-b146-a814b590531c", "fields": {"question": "0b8b5337-fa21-4ff8-803c-544ed64fc12f", "text": "<list>", "is_correct": false}}, {"model": "tests.questionoption", "pk": "4fc0a7db-7e9c-4966-9cce-042ea5482522", "fields": {"question": "4ce29ff9-baa6-4dc1-8d20-723eb18929a6", "text": "toNumber()", "is_correct": false}}, {"model": "tests.questionoption", "pk": "50cf1109-5e2b-4cb8-b625-867abc524028", "fields": {"question": "45de795e-0749-4b61-8dd3-cb8afb7d46d7", "text": "No a Number", "is_correct": false}}, {"model": "tests.questionoption", "pk": "54c966c9-6437-4e3c-b13e-21422914b5d4", "fields": {"question": "5698a069-02f5-44dd-bea9-6d5f428dd81a", "text": "position: center;", "is_correct": false}}, {"model": "tests.questionoption", "pk": "56bdebd2-d218-4e86-831e-30d382a1e709", "fields": {"question": "09282209-13e3-44b5-b9c1-8a69544255fd", "text": "shift()", "is_correct": false}}, {"model": "tests.questionoption", "pk": "57655dfa-d6dd-4629-83a7-7f7fa14fb43d", "fields": {"question": "8986ae05-89d9-4e99-8a83-523968f2eca3", "text": "font-size", "is_correct": true}}, {"model": "tests.questionoption", "pk": "593786b5-8e14-4367-8afa-de31e3171df4", "fields": {"question": "15d76deb-25cb-4ee1-b9d4-e6fa48e3e04c", "text": "flex", "is_correct": false}}, {"model": "tests.questionoption", "pk": "5b9d82e9-250e-42eb-8d59-e31ed6892303", "fields": {"question": "8129a52c-c604-4655-93e5-87b74448a0ba", "text": "Approximation", "is_correct": false}}, {"model": "tests.questionoption", "pk": "600b39ff-2e20-4eb5-aeaf-e45ee5a874a9", "fields": {"question": "7868c495-bcc9-44fb-9084-c36e00019872", "text": "<link>", "is_correct": false}}, {"model": "tests.questionoption", "pk": "609a6827-af08-4108-b298-cf5e2b45961b", "fields": {"question": "bd1f04bc-9a72-4d9c-91eb-8928c1db8d74", "text": ".p", "is_correct": false}}, {"model": "tests.questionoption", "pk": "60ab677d-fbc9-41e5-b8d4-54c33c313d81", "fields": {"question": "422ac9a2-7a06-4ba3-bd98-bf622605527a", "text": "font-family", "is_correct": true}}, {"model": "tests.questionoption", "pk": "60bbe32a-d0d8-474e-907c-9ef02d816bdc", "fields": {"question": "e5a6baab-58d5-4f4a-b628-ed9c86a7c278", "text": "<line>", "is_correct": false}}, {"model": "tests.questionoption", "pk": "61d08b3e-481b-4a16-a3d3-15f29e55e1a6", "fields": {"question": "fc967e0f-aaf5-478d-a9a9-a34158e38bdc", "text": "toUpper()", "is_correct": false}}, {"model": "tests.questionoption", "pk": "623df113-ed4e-4d72-ab48-ff4ce87fe5ea", "fields": {"question": "09785072-e821-475a-b0ad-0aa2a2912373", "text": "instanceof", "is_correct": false}}, {"model": "tests.questionoption", "pk": "6250cae1-2dd7-4ee1-b6e1-3b7b57b79089", "fields": {"question": "0b8b5337-fa21-4ff8-803c-544ed64fc12f", "text": "<li>", "is_correct": false}}, {"model": "tests.questionoption", "pk": "66183881-d8d6-43a4-8229-1018716cccc0", "fields": {"question": "44c4391a-01a5-43a5-9efb-9d1ed6e9ba83", "text": "src", "is_correct": false}}, {"model": "tests.questionoption", "pk": "67ef8411-a1c5-4914-98df-1f7eeb451d25", "fields": {"question": "85a7681d-46bb-452c-a938-e3f11ce317b1", "text": "background", "is_correct": false}}, {"model": "tests.questionoption", "pk": "6823aacb-f713-46fe-b164-1bad1736b7c0", "fields": {"question": "77f13078-0e6e-48b1-9eb7-b9d23c69f996", "text": "spacing", "is_correct": false}}, {"model": "tests.questionoption", "pk": "6a096f74-03c6-4a5e-8e61-0f2e0b6c4946", "fields": {"question": "f8a78f1b-2fc3-47fe-9a37-45ef69ec3391", "text": "text-bold", "is_correct": false}}, {"model": "tests.questionoption", "pk": "6aa18034-43fd-4541-8e1f-0969be651e36", "fields": {"question": "09282209-13e3-44b5-b9c1-8a69544255fd", "text": "pop()", "is_correct": true}}, {"model": "tests.questionoption", "pk": "6b854191-b428-4579-b117-5617758bcec4", "fields": {"question": "92127dfa-a737-4e36-9b2d-c72a3f4342d3", "text": "document.getElementByClass()", "is_correct": false}}, {"model": "tests.questionoption", "pk": "6d9a82d6-991a-4b93-bab8-6a86b43de44a", "fields": {"question": "f8a78f1b-2fc3-47fe-9a37-45ef69ec3391", "text": "font-style", "is_correct": false}}, {"model": "tests.questionoption", "pk": "6e9cd306-6825-40e0-8c22-86cf2e8bcd54", "fields": {"question": "390bdec0-159d-405b-ba07-066e54d2c25a", "text": "Calculate", "is_correct": false}}, {"model": "tests.questionoption", "pk": "6ee406c7-2e63-4f81-9dad-a92520ecee69", "fields": {"question": "a44101e6-1871-43fe-9a7f-c933f89f6772", "text": "wait()", "is_correct": false}}, {"model": "tests.questionoption", "pk": "6f0fe85d-64a1-45c3-89c6-4e4510d4db8e", "fields": {"question": "814ad6a0-51a0-4df2-b8aa-aff0bf733ffb", "text": "<text>", "is_correct": false}}, {"model": "tests.questionoption", "pk": "6faf2039-119d-4422-baf4-3085580f0a7c", "fields": {"question": "8cbd7e40-af40-433a-b7a4-c229749d1d82", "text": "let", "is_correct": true}}, {"model": "tests.questionoption", "pk": "706682c2-d0ed-45ae-82e2-ae8f3052a033", "fields": {"question": "85a6ab05-c1f2-4585-9969-1e24a8241aaf", "text": "placeholder", "is_correct": false}}, {"model": "tests.questionoption", "pk": "71c2e35d-8015-4514-82e4-fac34a5edf86", "fields": {"question": "7868c495-bcc9-44fb-9084-c36e00019872", "text": "<hyperlink>", "is_correct": false}}, {"model": "tests.questionoption", "pk": "73017094-3721-461a-8cf3-ebc091d65948", "fields": {"question": "44c4391a-01a5-43a5-9efb-9d1ed6e9ba83", "text": "href", "is_correct": false}}, {"model": "tests.questionoption", "pk": "741a8f4d-afef-4fe0-9b1a-2e944d9afdfa", "fields": {"question": "4ce29ff9-baa6-4dc1-8d20-723eb18929a6", "text": "stringToInt()", "is_correct": false}}, {"model": "tests.questionoption", "pk": "75d57ce9-093c-4685-8dd3-a6fbc8344410", "fields": {"question": "391e5266-91be-4887-a6e4-3173da5c8dd9", "text": ":visited", "is_correct": true}}, {"model": "tests.questionoption", "pk": "764916a6-8610-4a98-a38e-43f9703da7ef", "fields": {"question": "c021f1cd-b96b-4045-add5-df878204ac0c", "text": "pop()", "is_correct": false}}, {"model": "tests.questionoption", "pk": "76635c70-2604-4422-b8a7-079f348607da", "fields": {"question": "09282209-13e3-44b5-b9c1-8a69544255fd", "text": "delete()", "is_correct": false}}, {"model": "tests.questionoption", "pk": "772927f4-bed0-4c97-9a27-f9c257b118d1", "fields": {"question": "54c00209-d3e6-4e8e-94dc-2a0c64a13da2", "text": "<javascript>", "is_correct": false}}, {"model": "tests.questionoption", "pk": "778b08f2-f243-4913-a7da-b74237e79d4f", "fields": {"question": "120fbfad-bc61-42fa-86df-268c68d2521a", "text": "letter-spacing", "is_correct": false}}, {"model": "tests.questionoption", "pk": "782335d1-a739-4064-8b7b-bba2ad7cc908", "fields": {"question": "952cc01f-5027-4827-b0f9-0391580fafe1", "text": "<click>", "is_correct": false}}, {"model": "tests.questionoption", "pk": "78626fa3-7825-494e-9023-06c48f75b9d0", "fields": {"question": "422ac9a2-7a06-4ba3-bd98-bf622605527a", "text": "font-type", "is_correct": false}}, {"model": "tests.questionoption", "pk": "792c5797-05fa-42a7-8bca-d96c98247b39", "fields": {"question": "4ce29ff9-baa6-4dc1-8d20-723eb18929a6", "text": "parseInt()", "is_correct": true}}, {"model": "tests.questionoption", "pk": "79614f8e-86c1-4b4b-a7ff-1dba8019521d", "fields": {"question": "964dbc89-2d4c-481c-9ba7-76fd428c6720", "text": "hidden", "is_correct": false}}, {"model": "tests.questionoption", "pk": "797a363c-28ac-408b-b16b-540bc72a04c0", "fields": {"question": "92127dfa-a737-4e36-9b2d-c72a3f4342d3", "text": "document.querySelector()", "is_correct": false}}, {"model": "tests.questionoption", "pk": "79c7bc3a-5d8f-4180-ac1e-9ec3a8ca446c", "fields": {"question": "391e5266-91be-4887-a6e4-3173da5c8dd9", "text": ":active", "is_correct": false}}, {"model": "tests.questionoption", "pk": "7adfcc0c-2b2b-492f-a500-c4481a568dc5", "fields": {"question": "23b2543d-6c3d-4c4b-b553-34d7d90ef896", "text": "src", "is_correct": true}}, {"model": "tests.questionoption", "pk": "7af732ba-002f-48a3-b53e-e23127689e74", "fields": {"question": "609b98e2-4bbb-4875-ae92-9e180d5e2379", "text": "<link rel='stylesheet' href='file.css'>", "is_correct": true}}, {"model": "tests.questionoption", "pk": "7b0403b3-a2ed-4c4a-b8a8-5aa1cb7c75ca", "fields": {"question": "5528b8d7-f995-4a0a-a69f-c1d47338af85", "text": "addEventListener()", "is_correct": true}}, {"model": "tests.questionoption", "pk": "7c7c3ec4-80a8-4808-9d6a-c891a37d90e8", "fields": {"question": "ad6ad978-b0dc-44fc-be0b-d37996277fb2", "text": "text-color", "is_correct": false}}, {"model": "tests.questionoption", "pk": "7d19aba3-fee0-45f4-aead-2bb42020c533", "fields": {"question": "3038e3ff-faeb-4ffa-8866-8b286aff7802", "text": "<output>", "is_correct": false}}, {"model": "tests.questionoption", "pk": "7d521326-4fd7-4150-9d07-7ba8fe3a8b7f", "fields": {"question": "15d76deb-25cb-4ee1-b9d4-e6fa48e3e04c", "text": "inline", "is_correct": false}}, {"model": "tests.questionoption", "pk": "7ddcf5c1-4c68-4515-b3af-c5514f71fcbf", "fields": {"question": "76ca1c44-6620-48d5-a0bc-c4adc1be3acf", "text": "stringify()", "is_correct": false}}, {"model": "tests.questionoption", "pk": "7e34fb4d-2818-4ca2-a305-73159449a225", "fields": {"question": "b82c1628-5fc5-48cd-806f-c2d11256bdbd", "text": "<body>", "is_correct": false}}, {"model": "tests.questionoption", "pk": "80a9a494-c945-48cd-bc60-08191de903fc", "fields": {"question": "c021f1cd-b96b-4045-add5-df878204ac0c", "text": "shift()", "is_correct": false}}, {"model": "tests.questionoption", "pk": "80c2be34-a627-4497-8476-f156b439b7ab", "fields": {"question": "5528b8d7-f995-4a0a-a69f-c1d47338af85", "text": "attachEvent()", "is_correct": false}}, {"model": "tests.questionoption", "pk": "81fe5dda-a691-4d2a-b548-a421c73359e1", "fields": {"question": "b82c1628-5fc5-48cd-806f-c2d11256bdbd", "text": "<html>", "is_correct": true}}, {"model": "tests.questionoption", "pk": "829ecdcc-deaf-49d1-812f-e769f34578cd", "fields": {"question": "bd1f04bc-9a72-4d9c-91eb-8928c1db8d74", "text": "para", "is_correct": false}}, {"model": "tests.questionoption", "pk": "86bd1a22-860f-41f7-98f3-6f03205d68d4", "fields": {"question": "c2b62579-7732-475b-b6ab-5fd41707723f", "text": "<ul>", "is_correct": false}}, {"model": "tests.questionoption", "pk": "8811cbb0-c683-4461-a84b-64136bec0e65", "fields": {"question": "15d76deb-25cb-4ee1-b9d4-e6fa48e3e04c", "text": "block", "is_correct": true}}, {"model": "tests.questionoption", "pk": "881e0536-d7b7-4750-bd49-6cc4270ffcf6", "fields": {"question": "2bb82b97-eb9c-4186-8a27-3a8f1d5b9c57", "text": "<head>", "is_correct": true}}, {"model": "tests.questionoption", "pk": "8a4e8889-9c00-4be0-a8c8-fb3036813048", "fields": {"question": "2bb82b97-eb9c-4186-8a27-3a8f1d5b9c57", "text": "<html>", "is_correct": false}}, {"model": "tests.questionoption", "pk": "8bded560-2232-4279-9f17-fa020d74597d", "fields": {"question": "795e2676-058c-4194-ac1d-58e48bd4ac7d", "text": "onchange", "is_correct": false}}, {"model": "tests.questionoption", "pk": "8d404d56-bdb9-4415-bcb8-1f849aad7c21", "fields": {"question": "0b8b5337-fa21-4ff8-803c-544ed64fc12f", "text": "<ul>", "is_correct": true}}, {"model": "tests.questionoption", "pk": "8ea1fed0-f414-4888-816a-8b111a2d092a", "fields": {"question": "bd1f04bc-9a72-4d9c-91eb-8928c1db8d74", "text": "p", "is_correct": true}}, {"model": "tests.questionoption", "pk": "8f1871e8-ee73-4871-ad2e-5bd8ae18f33f", "fields": {"question": "6d905067-4c82-449f-ace2-368259ca6532", "text": "&id", "is_correct": false}}, {"model": "tests.questionoption", "pk": "8fe54b3a-c388-4e0e-84e3-4dea3985cf50", "fields": {"question": "44c4391a-01a5-43a5-9efb-9d1ed6e9ba83", "text": "target", "is_correct": true}}, {"model": "tests.questionoption", "pk": "90284c32-4438-45c2-993e-b5e2d7c30845", "fields": {"question": "7868c495-bcc9-44fb-9084-c36e00019872", "text": "<href>", "is_correct": false}}, {"model": "tests.questionoption", "pk": "91ebc147-39b7-4d58-aaf9-f285581afea2", "fields": {"question": "85a7681d-46bb-452c-a938-e3f11ce317b1", "text": "background-color", "is_correct": true}}, {"model": "tests.questionoption", "pk": "92832d8c-fcf2-470b-a4ba-e30597c0bf5f", "fields": {"question": "5528b8d7-f995-4a0a-a69f-c1d47338af85", "text": "onEvent()", "is_correct": false}}, {"model": "tests.questionoption", "pk": "92c57019-6f99-4672-a46a-bd8dbc4d2b92", "fields": {"question": "23b2543d-6c3d-4c4b-b553-34d7d90ef896", "text": "width", "is_correct": false}}, {"model": "tests.questionoption", "pk": "94e3e073-787d-4dc7-b9cb-28332687271a", "fields": {"question": "964dbc89-2d4c-481c-9ba7-76fd428c6720", "text": "visibility", "is_correct": false}}, {"model": "tests.questionoption", "pk": "951a7aef-0a4c-45c1-86ab-b84802663a95", "fields": {"question": "54c00209-d3e6-4e8e-94dc-2a0c64a13da2", "text": "<script>", "is_correct": true}}, {"model": "tests.questionoption", "pk": "965bb4bd-65ef-4320-958d-1e1234badd84", "fields": {"question": "814ad6a0-51a0-4df2-b8aa-aff0bf733ffb", "text": "<paragraph>", "is_correct": false}}, {"model": "tests.questionoption", "pk": "98544328-f68d-4c3c-a971-a279eac50500", "fields": {"question": "4ce29ff9-baa6-4dc1-8d20-723eb18929a6", "text": "toString()", "is_correct": false}}, {"model": "tests.questionoption", "pk": "990de495-ff46-4e1b-b094-3da100741cc1", "fields": {"question": "952cc01f-5027-4827-b0f9-0391580fafe1", "text": "<btn>", "is_correct": false}}, {"model": "tests.questionoption", "pk": "9c132310-fab3-4f82-a5de-bd3ffba9d520", "fields": {"question": "8cbd7e40-af40-433a-b7a4-c229749d1d82", "text": "def", "is_correct": false}}, {"model": "tests.questionoption", "pk": "9c2d161d-27dd-4431-9498-233616840b07", "fields": {"question": "0705a0a4-7519-47e1-8ac9-5074618966ab", "text": "fixed", "is_correct": true}}, {"model": "tests.questionoption", "pk": "9c537bd2-a6f9-469a-84eb-5642cea623a1", "fields": {"question": "6d905067-4c82-449f-ace2-368259ca6532", "text": ".id", "is_correct": false}}, {"model": "tests.questionoption", "pk": "9f063081-a58f-45ed-a34e-54061c26fd02", "fields": {"question": "76ca1c44-6620-48d5-a0bc-c4adc1be3acf", "text": "toJSON()", "is_correct": false}}, {"model": "tests.questionoption", "pk": "a00c46fe-cb45-4835-88ee-e3c091ec23ff", "fields": {"question": "a9dac122-458d-4b68-b84c-63b770c41687", "text": "%", "is_correct": false}}, {"model": "tests.questionoption", "pk": "a1184d5b-13ca-476e-b1bb-aa4f8eabc05b", "fields": {"question": "d859bd97-fd68-4fd1-a389-0db828235ca7", "text": "<em>", "is_correct": true}}, {"model": "tests.questionoption", "pk": "a1902769-f45d-4513-8331-9251d130be52", "fields": {"question": "cd945d48-f82e-4e6f-9a19-0b541518c9e4", "text": "<movie>", "is_correct": false}}, {"model": "tests.questionoption", "pk": "a1ef22ac-e715-4f0b-bdc0-1777b6dfb410", "fields": {"question": "5698a069-02f5-44dd-bea9-6d5f428dd81a", "text": "margin: auto;", "is_correct": true}}, {"model": "tests.questionoption", "pk": "a41eb98e-d6f9-462f-97c2-b283d981cb74", "fields": {"question": "7868c495-bcc9-44fb-9084-c36e00019872", "text": "<a>", "is_correct": true}}, {"model": "tests.questionoption", "pk": "a57ee036-83ff-499d-bcd5-fee256f32274", "fields": {"question": "fca3dc76-8520-477e-bf06-cebdb2a5e36a", "text": "<h1>", "is_correct": true}}, {"model": "tests.questionoption", "pk": "a8232d2c-04aa-43da-b222-56567a5a1132", "fields": {"question": "17b6c5dc-7a57-4cc3-9ef7-0858db72a81c", "text": "exit", "is_correct": false}}, {"model": "tests.questionoption", "pk": "a86e2893-c3c8-4ba3-8d08-b3f9da2db547", "fields": {"question": "0705a0a4-7519-47e1-8ac9-5074618966ab", "text": "sticky", "is_correct": false}}, {"model": "tests.questionoption", "pk": "a8ab03e1-59be-4f2d-92da-d89fce68abab", "fields": {"question": "390bdec0-159d-405b-ba07-066e54d2c25a", "text": "Number", "is_correct": false}}, {"model": "tests.questionoption", "pk": "a8ec029b-5e40-44cb-91b7-c7cd84cb57a2", "fields": {"question": "ad6ad978-b0dc-44fc-be0b-d37996277fb2", "text": "font-style", "is_correct": false}}, {"model": "tests.questionoption", "pk": "a9852111-7a51-463c-aa10-729d41c81fcd", "fields": {"question": "952cc01f-5027-4827-b0f9-0391580fafe1", "text": "<button>", "is_correct": true}}, {"model": "tests.questionoption", "pk": "aa602416-36b6-4b3d-a3f3-0c828a905965", "fields": {"question": "c7d68bf1-7225-4f5a-9808-5f29e42199b6", "text": "Section break", "is_correct": false}}, {"model": "tests.questionoption", "pk": "ab180eb5-2c12-4a37-8026-d7ed9a8aab25", "fields": {"question": "c021f1cd-b96b-4045-add5-df878204ac0c", "text": "push()", "is_correct": true}}, {"model": "tests.questionoption", "pk": "aba4f8e6-07d1-489e-ab48-d22f4869bd80", "fields": {"question": "c2b62579-7732-475b-b6ab-5fd41707723f", "text": "<ol>", "is_correct": true}}, {"model": "tests.questionoption", "pk": "acbaa45b-9ed6-4f28-a450-537ff74070aa", "fields": {"question": "44c4391a-01a5-43a5-9efb-9d1ed6e9ba83", "text": "rel", "is_correct": false}}, {"model": "tests.questionoption", "pk": "ade1822b-ab0b-40cb-ac93-74609008fe92", "fields": {"question": "418b5344-a8e1-4888-9521-f97030c6e467", "text": "alt", "is_correct": true}}, {"model": "tests.questionoption", "pk": "aeb70852-06e0-4dcb-a926-d1248c04c794", "fields": {"question": "45de795e-0749-4b61-8dd3-cb8afb7d46d7", "text": "Number Alert None", "is_correct": false}}, {"model": "tests.questionoption", "pk": "afb20a61-4e42-4aa4-a438-72284699cf37", "fields": {"question": "e2157e84-7914-4212-90ad-cbc13b718913", "text": "<dropdown>", "is_correct": false}}, {"model": "tests.questionoption", "pk": "b005f2c9-29bc-40e2-9023-e1e6e0e3a960", "fields": {"question": "45de795e-0749-4b61-8dd3-cb8afb7d46d7", "text": "Not a Number", "is_correct": true}}, {"model": "tests.questionoption", "pk": "b057b149-8863-4a6f-80a3-0037e36e909b", "fields": {"question": "8986ae05-89d9-4e99-8a83-523968f2eca3", "text": "text-size", "is_correct": false}}, {"model": "tests.questionoption", "pk": "b42fd678-95de-4581-8967-8d161e14c01b", "fields": {"question": "e5a6baab-58d5-4f4a-b628-ed9c86a7c278", "text": "<br>", "is_correct": true}}, {"model": "tests.questionoption", "pk": "b569c067-8dc1-4f92-b6f1-dba69a4f09ce", "fields": {"question": "c2b62579-7732-475b-b6ab-5fd41707723f", "text": "<li>", "is_correct": false}}, {"model": "tests.questionoption", "pk": "b6884505-205a-42f9-994e-7f5c24f9c12f", "fields": {"question": "92127dfa-a737-4e36-9b2d-c72a3f4342d3", "text": "document.getElementById()", "is_correct": true}}, {"model": "tests.questionoption", "pk": "b8a21d04-6a8a-47d7-85b9-9809ee73a5f4", "fields": {"question": "7348a574-fb9e-479d-aa0b-87ea8822f7ca", "text": "round-border", "is_correct": false}}, {"model": "tests.questionoption", "pk": "bba1135e-9bb2-49f4-9cca-1ec5c6b2b071", "fields": {"question": "c7d68bf1-7225-4f5a-9808-5f29e42199b6", "text": "Line break", "is_correct": true}}, {"model": "tests.questionoption", "pk": "bd6a72c6-5a34-4f00-9ad5-d5f96fdc1de1", "fields": {"question": "55a75489-d5ce-4820-808c-f22359911f05", "text": "vertical-align", "is_correct": false}}, {"model": "tests.questionoption", "pk": "bfc14cd0-0966-4d09-a879-ac94c4e0b1fb", "fields": {"question": "8b95563a-c906-4bb8-831c-60ecd900ddb5", "text": "Document Order Model", "is_correct": false}}, {"model": "tests.questionoption", "pk": "c01adb33-8d39-43bf-bbd2-385eb9445664", "fields": {"question": "609b98e2-4bbb-4875-ae92-9e180d5e2379", "text": "<style src='file.css'>", "is_correct": false}}, {"model": "tests.questionoption", "pk": "c27fca2a-aa6d-4c58-af33-c24d61573acf", "fields": {"question": "eb7e5dfa-97ee-4d49-8a8d-d4ff0c94e62e", "text": "<th>", "is_correct": false}}, {"model": "tests.questionoption", "pk": "c82bbae3-8c7c-4c78-927b-526fe28954d8", "fields": {"question": "609b98e2-4bbb-4875-ae92-9e180d5e2379", "text": "<css>file.css</css>", "is_correct": false}}, {"model": "tests.questionoption", "pk": "c887fd80-8d11-40f2-ba94-0e791ba64c0d", "fields": {"question": "ad6ad978-b0dc-44fc-be0b-d37996277fb2", "text": "color", "is_correct": true}}, {"model": "tests.questionoption", "pk": "c9b12944-7666-4361-88f3-673d719d9859", "fields": {"question": "bd1f04bc-9a72-4d9c-91eb-8928c1db8d74", "text": "#p", "is_correct": false}}, {"model": "tests.questionoption", "pk": "cac5b0f3-715c-4287-8136-7b3dba115e1f", "fields": {"question": "7348a574-fb9e-479d-aa0b-87ea8822f7ca", "text": "border-radius", "is_correct": true}}, {"model": "tests.questionoption", "pk": "cdc9ae21-fe67-4e09-aa86-2e0fe1a6cc38", "fields": {"question": "d3a681fe-0f76-4dc2-a8e4-57b91720f881", "text": "6", "is_correct": false}}, {"model": "tests.questionoption", "pk": "cf85fd76-f380-456d-8be9-12f8e52654e4", "fields": {"question": "418b5344-a8e1-4888-9521-f97030c6e467", "text": "description", "is_correct": false}}, {"model": "tests.questionoption", "pk": "cfbc3912-393f-4f8b-9175-b8dfb3b351e6", "fields": {"question": "fca3dc76-8520-477e-bf06-cebdb2a5e36a", "text": "<header>", "is_correct": false}}, {"model": "tests.questionoption", "pk": "d228f0ed-6932-4a30-9947-fdf77a10fba3", "fields": {"question": "0e06770d-f7fb-4fc8-a231-412cd61d227a", "text": "while", "is_correct": false}}, {"model": "tests.questionoption", "pk": "d41c563a-ed46-4fc1-81ef-4a89e7aa7d44", "fields": {"question": "1a7b7b31-c988-46b2-a6ba-d587aec78cc5", "text": "nan", "is_correct": false}}, {"model": "tests.questionoption", "pk": "d553fd8f-bbfa-4808-9f58-607e177422ad", "fields": {"question": "15d76deb-25cb-4ee1-b9d4-e6fa48e3e04c", "text": "grid", "is_correct": false}}, {"model": "tests.questionoption", "pk": "d5b06d47-81f0-4f4e-b9a9-33145034ac4d", "fields": {"question": "c7d68bf1-7225-4f5a-9808-5f29e42199b6", "text": "Paragraph", "is_correct": false}}, {"model": "tests.questionoption", "pk": "d5b17c3f-8410-4c6e-9ac5-9f639dc8af73", "fields": {"question": "120fbfad-bc61-42fa-86df-268c68d2521a", "text": "text-spacing", "is_correct": false}}, {"model": "tests.questionoption", "pk": "d9ff8fa6-a56a-46a4-be3c-9f0e95b89ca9", "fields": {"question": "0e06770d-f7fb-4fc8-a231-412cd61d227a", "text": "forEach", "is_correct": false}}, {"model": "tests.questionoption", "pk": "db82fe94-704a-449f-89a2-52f4d1a8f873", "fields": {"question": "8b95563a-c906-4bb8-831c-60ecd900ddb5", "text": "Data Object Model", "is_correct": false}}, {"model": "tests.questionoption", "pk": "dc5a4297-2d29-4fe7-b840-2dfffcae3b02", "fields": {"question": "fc967e0f-aaf5-478d-a9a9-a34158e38bdc", "text": "upperCase()", "is_correct": false}}, {"model": "tests.questionoption", "pk": "dc9ed99b-9be3-436b-92c7-e6f45d51cb1e", "fields": {"question": "1a7b7b31-c988-46b2-a6ba-d587aec78cc5", "text": "object", "is_correct": true}}, {"model": "tests.questionoption", "pk": "dcb5764f-b125-45fa-9e5a-1464ab93e4ef", "fields": {"question": "0705a0a4-7519-47e1-8ac9-5074618966ab", "text": "absolute", "is_correct": false}}, {"model": "tests.questionoption", "pk": "dffd24b5-a917-417b-8674-36aebd8b23b6", "fields": {"question": "a9dac122-458d-4b68-b84c-63b770c41687", "text": "px", "is_correct": false}}, {"model": "tests.questionoption", "pk": "e121f7ed-5313-4dd2-af97-81f1fff9cfe1", "fields": {"question": "4db8756b-8119-4567-9614-cf17bda82d2e", "text": "Colorful Style Sheets", "is_correct": false}}, {"model": "tests.questionoption", "pk": "e1f12b71-b322-4597-8499-4cf4101fa593", "fields": {"question": "09785072-e821-475a-b0ad-0aa2a2912373", "text": "typeof", "is_correct": true}}, {"model": "tests.questionoption", "pk": "e20adbb9-a899-4698-afc7-a7ed8075aedc", "fields": {"question": "795e2676-058c-4194-ac1d-58e48bd4ac7d", "text": "onload", "is_correct": false}}, {"model": "tests.questionoption", "pk": "e3697e7e-98a5-46e2-a073-d31a0bf0b0cb", "fields": {"question": "8b95563a-c906-4bb8-831c-60ecd900ddb5", "text": "Display Object Management", "is_correct": false}}, {"model": "tests.questionoption", "pk": "e3e59a3e-249d-4853-bb8d-dd78b2aefd4f", "fields": {"question": "b82c1628-5fc5-48cd-806f-c2d11256bdbd", "text": "<head>", "is_correct": false}}, {"model": "tests.questionoption", "pk": "e66cf496-9299-4465-9f63-40d2e4e4aa7d", "fields": {"question": "8129a52c-c604-4655-93e5-87b74448a0ba", "text": "Strict equality", "is_correct": true}}, {"model": "tests.questionoption", "pk": "e6e9df78-ed95-4d95-89f5-68f473e3785e", "fields": {"question": "795e2676-058c-4194-ac1d-58e48bd4ac7d", "text": "onhover", "is_correct": false}}, {"model": "tests.questionoption", "pk": "e70b24fa-5d9a-4759-9f29-86721b6502f3", "fields": {"question": "fc967e0f-aaf5-478d-a9a9-a34158e38bdc", "text": "toUpperCase()", "is_correct": true}}, {"model": "tests.questionoption", "pk": "e7b7287e-68a6-4ccf-bc59-9838a56cce61", "fields": {"question": "cd945d48-f82e-4e6f-9a19-0b541518c9e4", "text": "<embed>", "is_correct": false}}, {"model": "tests.questionoption", "pk": "e8e598b9-bd7b-451e-817a-61c469220a3b", "fields": {"question": "7348a574-fb9e-479d-aa0b-87ea8822f7ca", "text": "corner-radius", "is_correct": false}}, {"model": "tests.questionoption", "pk": "e966aac9-05d0-4be0-84a4-f1c058d9dee7", "fields": {"question": "55a75489-d5ce-4820-808c-f22359911f05", "text": "text-align", "is_correct": true}}, {"model": "tests.questionoption", "pk": "e98cab61-3a26-4f2a-b832-17a5303e16b6", "fields": {"question": "a44101e6-1871-43fe-9a7f-c933f89f6772", "text": "delay()", "is_correct": false}}, {"model": "tests.questionoption", "pk": "ebf58ed8-3fd6-496e-8ab1-bdb9ee7cb275", "fields": {"question": "120fbfad-bc61-42fa-86df-268c68d2521a", "text": "spacing", "is_correct": false}}, {"model": "tests.questionoption", "pk": "ec1e07bc-1fea-4a72-be3c-99fdb661d296", "fields": {"question": "85a6ab05-c1f2-4585-9969-1e24a8241aaf", "text": "value", "is_correct": true}}, {"model": "tests.questionoption", "pk": "ecb0b324-db11-4a93-a7f5-634c19fa8227", "fields": {"question": "23b2543d-6c3d-4c4b-b553-34d7d90ef896", "text": "height", "is_correct": false}}, {"model": "tests.questionoption", "pk": "ecc20a7a-a237-47c9-ab2a-705025deb703", "fields": {"question": "77f13078-0e6e-48b1-9eb7-b9d23c69f996", "text": "padding", "is_correct": false}}, {"model": "tests.questionoption", "pk": "ed2d89c6-affa-40ca-b8ca-d9ca2716f6a4", "fields": {"question": "2bb82b97-eb9c-4186-8a27-3a8f1d5b9c57", "text": "<body>", "is_correct": false}}, {"model": "tests.questionoption", "pk": "eeb18efa-ae99-44ac-8f28-65e74b32cea3", "fields": {"question": "09785072-e821-475a-b0ad-0aa2a2912373", "text": "==", "is_correct": false}}, {"model": "tests.questionoption", "pk": "f0193d42-6b57-436b-b718-a73b5db008f5", "fields": {"question": "8cbd7e40-af40-433a-b7a4-c229749d1d82", "text": "var", "is_correct": false}}, {"model": "tests.questionoption", "pk": "f05d30e2-64bc-42e1-b48f-c254bbfc113c", "fields": {"question": "85a6ab05-c1f2-4585-9969-1e24a8241aaf", "text": "default", "is_correct": false}}, {"model": "tests.questionoption", "pk": "f104e7fe-7738-43e0-b99e-296cf7019ced", "fields": {"question": "eb7e5dfa-97ee-4d49-8a8d-d4ff0c94e62e", "text": "<tr>", "is_correct": true}}, {"model": "tests.questionoption", "pk": "f1819000-5a6e-4073-88f1-a661d2feae21", "fields": {"question": "cd945d48-f82e-4e6f-9a19-0b541518c9e4", "text": "<video>", "is_correct": true}}, {"model": "tests.questionoption", "pk": "f26a6cf9-2c7f-46e6-9439-9f71109cd0f0", "fields": {"question": "f358b49b-02c0-426d-a339-a1216f808bfb", "text": "To embed JavaScript", "is_correct": false}}, {"model": "tests.questionoption", "pk": "f314cb1a-c100-445b-aa0e-0f0afc1e4140", "fields": {"question": "cd945d48-f82e-4e6f-9a19-0b541518c9e4", "text": "<media>", "is_correct": false}}, {"model": "tests.questionoption", "pk": "f4258b1b-c0dc-43ee-b721-a1c420702c00", "fields": {"question": "17b6c5dc-7a57-4cc3-9ef7-0858db72a81c", "text": "return", "is_correct": false}}, {"model": "tests.questionoption", "pk": "f574566d-1172-40fc-b224-06e78f2d5d68", "fields": {"question": "f358b49b-02c0-426d-a339-a1216f808bfb", "text": "To style the page", "is_correct": false}}, {"model": "tests.questionoption", "pk": "f771f503-0e29-4aa7-abdc-d5d0668659d1", "fields": {"question": "76ca1c44-6620-48d5-a0bc-c4adc1be3acf", "text": "JSON.stringify()", "is_correct": true}}, {"model": "tests.questionoption", "pk": "f816ac9a-1f17-4d97-9a26-75f130108772", "fields": {"question": "e2157e84-7914-4212-90ad-cbc13b718913", "text": "<select>", "is_correct": true}}, {"model": "tests.questionoption", "pk": "f8c30458-26be-440a-84e4-c744c46238ac", "fields": {"question": "fca3dc76-8520-477e-bf06-cebdb2a5e36a", "text": "<head>", "is_correct": false}}, {"model": "tests.questionoption", "pk": "f914cb24-2444-40e8-9420-c594c528108a", "fields": {"question": "2bb82b97-eb9c-4186-8a27-3a8f1d5b9c57", "text": "<meta>", "is_correct": false}}, {"model": "tests.questionoption", "pk": "fac45a02-0ae8-4c33-8ae1-e1dbe4a801ee", "fields": {"question": "55a75489-d5ce-4820-808c-f22359911f05", "text": "justify-content", "is_correct": false}}, {"model": "tests.questionoption", "pk": "faf5b8f0-a6ff-4c81-8e9c-7e0fb370c1fb", "fields": {"question": "1468b0fa-eaf5-4f4c-a68e-d74e2092ef19", "text": "currentTime()", "is_correct": false}}, {"model": "tests.questionoption", "pk": "fb802516-c0e9-4460-92f3-4e2c9d9e06f6", "fields": {"question": "8b95563a-c906-4bb8-831c-60ecd900ddb5", "text": "Document Object Model", "is_correct": true}}, {"model": "tests.questionoption", "pk": "fb95b45d-7665-410a-bcee-a15189e489db", "fields": {"question": "6d905067-4c82-449f-ace2-368259ca6532", "text": "#id", "is_correct": true}}, {"model": "tests.questionoption", "pk": "fc509597-0d41-4ce9-b207-405363939a4e", "fields": {"question": "795e2676-058c-4194-ac1d-58e48bd4ac7d", "text": "onclick", "is_correct": true}}, {"model": "tests.questionoption", "pk": "fca7c3fe-71a7-4611-a125-7b4eac24ac65", "fields": {"question": "0705a0a4-7519-47e1-8ac9-5074618966ab", "text": "relative", "is_correct": false}}, {"model": "tests.questionoption", "pk": "fcb42d95-4dbb-447a-a134-841ba1fcda2c", "fields": {"question": "09282209-13e3-44b5-b9c1-8a69544255fd", "text": "remove()", "is_correct": false}}, {"model": "tests.questionoption", "pk": "fdbae52d-4de8-47cc-8e4a-b934ec072360", "fields": {"question": "5698a069-02f5-44dd-bea9-6d5f428dd81a", "text": "text-align: center;", "is_correct": false}}, {"model": "tests.questionoption", "pk": "ffeb55b4-6564-4df0-b991-f7f3b05c0bef", "fields": {"question": "85a7681d-46bb-452c-a938-e3f11ce317b1", "text": "bgcolor", "is_correct": false}}, {"model": "tests.testattempt", "pk": "a31abf8a-6e1b-4d40-93af-5bbce270f55e", "fields": {"user": 1, "test": "b3c4794c-b7b4-482e-897b-847904f7fc17", "start_time": "2025-04-02T20:41:10.651Z", "end_time": null, "score": "0.00", "is_completed": false}}]